"Year","County","Commodity","Data Item","Value","Value ton/ac","Value Mg/ha"
2020,"OTHER COUNTIES","corn","CORN, GRAIN - YIELD, MEASURED IN BU / ACRE",175.4,4.9112,11.0193325195337
2020,"OTHER COUNTIES","soybeans","SOYBEANS - YIELD, MEASURED IN BU / ACRE",56.6,1.698,3.80982786654344
2020,"BOONE","corn","CORN, GRAIN - YIELD, MEASURED IN BU / ACRE",160.7,4.4996,10.0958194748521
2020,"BOONE","soybeans","SOYBEANS - YIELD, MEASURED IN BU / ACRE",50.9,1.527,3.42615262203288
2020,"DALLAS","corn","CORN, GRAIN - YIELD, MEASURED IN BU / ACRE",139.7,3.9116,8.77651512530703
2020,"DALLAS","soybeans","SOYBEANS - YIELD, MEASURED IN BU / ACRE",47.1,1.413,3.17036912569251
2020,"GRUNDY","corn","CORN, GRAIN - YIELD, MEASURED IN BU / ACRE",182.7,5.1156,11.4779478410422
2020,"GRUNDY","soybeans","SOYBEANS - YIELD, MEASURED IN BU / ACRE",60.9,1.827,4.0992670860865
2020,"HAMILTON","corn","CORN, GRAIN - YIELD, MEASURED IN BU / ACRE",166.2,4.6536,10.4413515663996
2020,"HAMILTON","soybeans","SOYBEANS - YIELD, MEASURED IN BU / ACRE",51.5,1.545,3.4665394898761
2020,"HARDIN","corn","CORN, GRAIN - YIELD, MEASURED IN BU / ACRE",155.7,4.3596,9.78169939162709
2020,"HARDIN","soybeans","SOYBEANS - YIELD, MEASURED IN BU / ACRE",52.8,1.584,3.55404437020307
2020,"POLK","corn","CORN, GRAIN - YIELD, MEASURED IN BU / ACRE",150.2,4.2056,9.43616730007957
2020,"POLK","soybeans","SOYBEANS - YIELD, MEASURED IN BU / ACRE",50.2,1.506,3.37903460954913
2020,"POWESHIEK","corn","CORN, GRAIN - YIELD, MEASURED IN BU / ACRE",138.2,3.8696,8.68227910033952
2020,"POWESHIEK","soybeans","SOYBEANS - YIELD, MEASURED IN BU / ACRE",54.8,1.644,3.68866726301379
2020,"STORY","corn","CORN, GRAIN - YIELD, MEASURED IN BU / ACRE",148.4,4.1552,9.32308407011856
2020,"STORY","soybeans","SOYBEANS - YIELD, MEASURED IN BU / ACRE",52.2,1.566,3.51365750235985
2020,"TAMA","corn","CORN, GRAIN - YIELD, MEASURED IN BU / ACRE",132.7,3.7156,8.336747008792
2020,"TAMA","soybeans","SOYBEANS - YIELD, MEASURED IN BU / ACRE",56.2,1.686,3.7829032879813
2020,"WEBSTER","corn","CORN, GRAIN - YIELD, MEASURED IN BU / ACRE",173.1,4.8468,10.8748372812502
2020,"WEBSTER","soybeans","SOYBEANS - YIELD, MEASURED IN BU / ACRE",50.4,1.512,3.3924968988302
2020,"BENTON","corn","CORN, GRAIN - YIELD, MEASURED IN BU / ACRE",144.8,4.0544,9.09691761019655
2020,"BENTON","soybeans","SOYBEANS - YIELD, MEASURED IN BU / ACRE",56.7,1.701,3.81655901118398
2020,"CEDAR","corn","CORN, GRAIN - YIELD, MEASURED IN BU / ACRE",153.3,4.2924,9.63092175167908
2020,"CEDAR","soybeans","SOYBEANS - YIELD, MEASURED IN BU / ACRE",56.4,1.692,3.79636557726237
2020,"CLINTON","corn","CORN, GRAIN - YIELD, MEASURED IN BU / ACRE",178.4,4.9952,11.2078045694687
2020,"CLINTON","soybeans","SOYBEANS - YIELD, MEASURED IN BU / ACRE",57,1.71,3.83675244510559
2020,"IOWA","corn","CORN, GRAIN - YIELD, MEASURED IN BU / ACRE",151.1,4.2308,9.49270891506007
2020,"IOWA","soybeans","SOYBEANS - YIELD, MEASURED IN BU / ACRE",49.8,1.494,3.35211003098699
2020,"JACKSON","corn","CORN, GRAIN - YIELD, MEASURED IN BU / ACRE",185.6,5.1968,11.6601374893127
2020,"JACKSON","soybeans","SOYBEANS - YIELD, MEASURED IN BU / ACRE",54.7,1.641,3.68193611837326
2020,"JOHNSON","corn","CORN, GRAIN - YIELD, MEASURED IN BU / ACRE",161.8,4.5304,10.1649258931616
2020,"JOHNSON","soybeans","SOYBEANS - YIELD, MEASURED IN BU / ACRE",51.8,1.554,3.48673292379771
2020,"JONES","corn","CORN, GRAIN - YIELD, MEASURED IN BU / ACRE",171.6,4.8048,10.7806012562826
2020,"JONES","soybeans","SOYBEANS - YIELD, MEASURED IN BU / ACRE",54,1.62,3.6348181058895
2020,"LINN","corn","CORN, GRAIN - YIELD, MEASURED IN BU / ACRE",164.9,4.6172,10.3596803447611
2020,"MUSCATINE","corn","CORN, GRAIN - YIELD, MEASURED IN BU / ACRE",172.8,4.8384,10.8559900762567
2020,"MUSCATINE","soybeans","SOYBEANS - YIELD, MEASURED IN BU / ACRE",55.6,1.668,3.74251642013808
2020,"SCOTT","corn","CORN, GRAIN - YIELD, MEASURED IN BU / ACRE",181.3,5.0764,11.3899942177392
2020,"SCOTT","soybeans","SOYBEANS - YIELD, MEASURED IN BU / ACRE",61,1.83,4.10599823072703
2020,"BUTLER","corn","CORN, GRAIN - YIELD, MEASURED IN BU / ACRE",192.8,5.3984,12.1124704091567
2020,"BUTLER","soybeans","SOYBEANS - YIELD, MEASURED IN BU / ACRE",54.2,1.626,3.64828039517058
2020,"CERRO GORDO","corn","CORN, GRAIN - YIELD, MEASURED IN BU / ACRE",182.5,5.11,11.4653830377132
2020,"CERRO GORDO","soybeans","SOYBEANS - YIELD, MEASURED IN BU / ACRE",59.8,1.794,4.0252244950406
2020,"FLOYD","corn","CORN, GRAIN - YIELD, MEASURED IN BU / ACRE",187.4,5.2472,11.7732207192737
2020,"FLOYD","soybeans","SOYBEANS - YIELD, MEASURED IN BU / ACRE",54,1.62,3.6348181058895
2020,"FRANKLIN","corn","CORN, GRAIN - YIELD, MEASURED IN BU / ACRE",180.1,5.0428,11.3146053977652
2020,"FRANKLIN","soybeans","SOYBEANS - YIELD, MEASURED IN BU / ACRE",55.4,1.662,3.72905413085701
2020,"HANCOCK","corn","CORN, GRAIN - YIELD, MEASURED IN BU / ACRE",200,5.6,12.5648033290008
2020,"HANCOCK","soybeans","SOYBEANS - YIELD, MEASURED IN BU / ACRE",60,1.8,4.03868678432167
2020,"HUMBOLDT","corn","CORN, GRAIN - YIELD, MEASURED IN BU / ACRE",188.4,5.2752,11.8360447359187
2020,"HUMBOLDT","soybeans","SOYBEANS - YIELD, MEASURED IN BU / ACRE",56.9,1.707,3.83002130046505
2020,"KOSSUTH","corn","CORN, GRAIN - YIELD, MEASURED IN BU / ACRE",190.7,5.3396,11.9805399742022
2020,"KOSSUTH","soybeans","SOYBEANS - YIELD, MEASURED IN BU / ACRE",60.2,1.806,4.05214907360274
2020,"MITCHELL","corn","CORN, GRAIN - YIELD, MEASURED IN BU / ACRE",203.3,5.6924,12.7721225839293
2020,"MITCHELL","soybeans","SOYBEANS - YIELD, MEASURED IN BU / ACRE",59.4,1.782,3.99829991647845
2020,"WINNEBAGO","corn","CORN, GRAIN - YIELD, MEASURED IN BU / ACRE",207.1,5.7988,13.0108538471803
2020,"WINNEBAGO","soybeans","SOYBEANS - YIELD, MEASURED IN BU / ACRE",60.8,1.824,4.09253594144596
2020,"WORTH","corn","CORN, GRAIN - YIELD, MEASURED IN BU / ACRE",205.7,5.7596,12.9229002238773
2020,"WORTH","soybeans","SOYBEANS - YIELD, MEASURED IN BU / ACRE",58.2,1.746,3.91752618079202
2020,"WRIGHT","corn","CORN, GRAIN - YIELD, MEASURED IN BU / ACRE",186,5.208,11.6852670959707
2020,"WRIGHT","soybeans","SOYBEANS - YIELD, MEASURED IN BU / ACRE",55.9,1.677,3.76270985405969
2020,"ALLAMAKEE","corn","CORN, GRAIN - YIELD, MEASURED IN BU / ACRE",196.3,5.4964,12.3323544674142
2020,"ALLAMAKEE","soybeans","SOYBEANS - YIELD, MEASURED IN BU / ACRE",58.8,1.764,3.95791304863524
2020,"BLACK HAWK","corn","CORN, GRAIN - YIELD, MEASURED IN BU / ACRE",169.8,4.7544,10.6675180263216
2020,"BLACK HAWK","soybeans","SOYBEANS - YIELD, MEASURED IN BU / ACRE",54.2,1.626,3.64828039517058
2020,"BREMER","corn","CORN, GRAIN - YIELD, MEASURED IN BU / ACRE",187.6,5.2528,11.7857855226027
2020,"BUCHANAN","corn","CORN, GRAIN - YIELD, MEASURED IN BU / ACRE",188.3,5.2724,11.8297623342542
2020,"BUCHANAN","soybeans","SOYBEANS - YIELD, MEASURED IN BU / ACRE",56.7,1.701,3.81655901118398
2020,"CHICKASAW","corn","CORN, GRAIN - YIELD, MEASURED IN BU / ACRE",185.7,5.1996,11.6664198909772
2020,"CHICKASAW","soybeans","SOYBEANS - YIELD, MEASURED IN BU / ACRE",55.9,1.677,3.76270985405969
2020,"CLAYTON","corn","CORN, GRAIN - YIELD, MEASURED IN BU / ACRE",191.1,5.3508,12.0056695808602
2020,"CLAYTON","soybeans","SOYBEANS - YIELD, MEASURED IN BU / ACRE",60.1,1.803,4.04541792896221
2020,"DELAWARE","corn","CORN, GRAIN - YIELD, MEASURED IN BU / ACRE",190.4,5.3312,11.9616927692087
2020,"DELAWARE","soybeans","SOYBEANS - YIELD, MEASURED IN BU / ACRE",61.1,1.833,4.11272937536757
2020,"DUBUQUE","corn","CORN, GRAIN - YIELD, MEASURED IN BU / ACRE",197.1,5.5188,12.3826136807302
2020,"FAYETTE","corn","CORN, GRAIN - YIELD, MEASURED IN BU / ACRE",180.1,5.0428,11.3146053977652
2020,"FAYETTE","soybeans","SOYBEANS - YIELD, MEASURED IN BU / ACRE",55.9,1.677,3.76270985405969
2020,"HOWARD","corn","CORN, GRAIN - YIELD, MEASURED IN BU / ACRE",188.6,5.2808,11.8486095392477
2020,"HOWARD","soybeans","SOYBEANS - YIELD, MEASURED IN BU / ACRE",54.5,1.635,3.66847382909219
2020,"WINNESHIEK","corn","CORN, GRAIN - YIELD, MEASURED IN BU / ACRE",178.2,4.9896,11.1952397661397
2020,"WINNESHIEK","soybeans","SOYBEANS - YIELD, MEASURED IN BU / ACRE",53.6,1.608,3.60789352732736
2020,"BUENA VISTA","corn","CORN, GRAIN - YIELD, MEASURED IN BU / ACRE",183.9,5.1492,11.5533366610162
2020,"CHEROKEE","corn","CORN, GRAIN - YIELD, MEASURED IN BU / ACRE",185.7,5.1996,11.6664198909772
2020,"CHEROKEE","soybeans","SOYBEANS - YIELD, MEASURED IN BU / ACRE",57.2,1.716,3.85021473438666
2020,"CLAY","corn","CORN, GRAIN - YIELD, MEASURED IN BU / ACRE",168.1,4.7068,10.5607171980251
2020,"CLAY","soybeans","SOYBEANS - YIELD, MEASURED IN BU / ACRE",50.3,1.509,3.38576575418967
2020,"DICKINSON","corn","CORN, GRAIN - YIELD, MEASURED IN BU / ACRE",182.2,5.1016,11.4465358327197
2020,"DICKINSON","soybeans","SOYBEANS - YIELD, MEASURED IN BU / ACRE",55.5,1.665,3.73578527549755
2020,"EMMET","corn","CORN, GRAIN - YIELD, MEASURED IN BU / ACRE",186.1,5.2108,11.6915494976352
2020,"EMMET","soybeans","SOYBEANS - YIELD, MEASURED IN BU / ACRE",56,1.68,3.76944099870023
2020,"LYON","corn","CORN, GRAIN - YIELD, MEASURED IN BU / ACRE",197,5.516,12.3763312790657
2020,"LYON","soybeans","SOYBEANS - YIELD, MEASURED IN BU / ACRE",60.8,1.824,4.09253594144596
2020,"O BRIEN","corn","CORN, GRAIN - YIELD, MEASURED IN BU / ACRE",199.5,5.586,12.5333913206783
2020,"O BRIEN","soybeans","SOYBEANS - YIELD, MEASURED IN BU / ACRE",62,1.86,4.17330967713239
2020,"OSCEOLA","corn","CORN, GRAIN - YIELD, MEASURED IN BU / ACRE",185.3,5.1884,11.6412902843192
2020,"PALO ALTO","corn","CORN, GRAIN - YIELD, MEASURED IN BU / ACRE",181.1,5.0708,11.3774294144102
2020,"POCAHONTAS","corn","CORN, GRAIN - YIELD, MEASURED IN BU / ACRE",186.2,5.2136,11.6978318992997
2020,"POCAHONTAS","soybeans","SOYBEANS - YIELD, MEASURED IN BU / ACRE",54.6,1.638,3.67520497373272
2020,"SIOUX","corn","CORN, GRAIN - YIELD, MEASURED IN BU / ACRE",201.8,5.6504,12.6778865589618
2020,"APPANOOSE","corn","CORN, GRAIN - YIELD, MEASURED IN BU / ACRE",143.6,4.0208,9.02152879022254
2020,"APPANOOSE","soybeans","SOYBEANS - YIELD, MEASURED IN BU / ACRE",39.1,1.173,2.63187755444962
2020,"CLARKE","corn","CORN, GRAIN - YIELD, MEASURED IN BU / ACRE",155.2,4.3456,9.75028738330459
2020,"CLARKE","soybeans","SOYBEANS - YIELD, MEASURED IN BU / ACRE",45.9,1.377,3.08959539000608
2020,"DECATUR","corn","CORN, GRAIN - YIELD, MEASURED IN BU / ACRE",159.3,4.4604,10.0078658515491
2020,"DECATUR","soybeans","SOYBEANS - YIELD, MEASURED IN BU / ACRE",47.4,1.422,3.19056255961412
2020,"LUCAS","corn","CORN, GRAIN - YIELD, MEASURED IN BU / ACRE",149.2,4.1776,9.37334328343456
2020,"LUCAS","soybeans","SOYBEANS - YIELD, MEASURED IN BU / ACRE",43.8,1.314,2.94824135255482
2020,"MADISON","corn","CORN, GRAIN - YIELD, MEASURED IN BU / ACRE",172,4.816,10.8057308629407
2020,"MADISON","soybeans","SOYBEANS - YIELD, MEASURED IN BU / ACRE",51.4,1.542,3.45980834523556
2020,"MONROE","corn","CORN, GRAIN - YIELD, MEASURED IN BU / ACRE",153.8,4.3064,9.66233376000158
2020,"MONROE","soybeans","SOYBEANS - YIELD, MEASURED IN BU / ACRE",45.4,1.362,3.0559396668034
2020,"RINGGOLD","corn","CORN, GRAIN - YIELD, MEASURED IN BU / ACRE",159.1,4.4548,9.9953010482201
2020,"RINGGOLD","soybeans","SOYBEANS - YIELD, MEASURED IN BU / ACRE",50.6,1.518,3.40595918811128
2020,"UNION","corn","CORN, GRAIN - YIELD, MEASURED IN BU / ACRE",179.7,5.0316,11.2894757911072
2020,"UNION","soybeans","SOYBEANS - YIELD, MEASURED IN BU / ACRE",52.1,1.563,3.50692635771932
2020,"WARREN","corn","CORN, GRAIN - YIELD, MEASURED IN BU / ACRE",168,4.704,10.5544347963606
2020,"WARREN","soybeans","SOYBEANS - YIELD, MEASURED IN BU / ACRE",49.5,1.485,3.33191659706538
2020,"WAYNE","corn","CORN, GRAIN - YIELD, MEASURED IN BU / ACRE",168.8,4.7264,10.6046940096766
2020,"WAYNE","soybeans","SOYBEANS - YIELD, MEASURED IN BU / ACRE",44.6,1.338,3.00209050967911
2020,"DAVIS","corn","CORN, GRAIN - YIELD, MEASURED IN BU / ACRE",170,4.76,10.6800828296506
2020,"DAVIS","soybeans","SOYBEANS - YIELD, MEASURED IN BU / ACRE",42,1.26,2.82708074902517
2020,"DES MOINES","corn","CORN, GRAIN - YIELD, MEASURED IN BU / ACRE",190.2,5.3256,11.9491279658797
2020,"DES MOINES","soybeans","SOYBEANS - YIELD, MEASURED IN BU / ACRE",60.7,1.821,4.08580479680542
2020,"HENRY","corn","CORN, GRAIN - YIELD, MEASURED IN BU / ACRE",172,4.816,10.8057308629407
2020,"HENRY","soybeans","SOYBEANS - YIELD, MEASURED IN BU / ACRE",54.9,1.647,3.69539840765433
2020,"JEFFERSON","corn","CORN, GRAIN - YIELD, MEASURED IN BU / ACRE",167.3,4.6844,10.5104579847091
2020,"JEFFERSON","soybeans","SOYBEANS - YIELD, MEASURED IN BU / ACRE",53.8,1.614,3.62135581660843
2020,"KEOKUK","corn","CORN, GRAIN - YIELD, MEASURED IN BU / ACRE",163.5,4.578,10.2717267214581
2020,"KEOKUK","soybeans","SOYBEANS - YIELD, MEASURED IN BU / ACRE",51.6,1.548,3.47327063451664
2020,"LEE","corn","CORN, GRAIN - YIELD, MEASURED IN BU / ACRE",174.3,4.8804,10.9502261012242
2020,"LEE","soybeans","SOYBEANS - YIELD, MEASURED IN BU / ACRE",52.1,1.563,3.50692635771932
2020,"LOUISA","corn","CORN, GRAIN - YIELD, MEASURED IN BU / ACRE",181.6,5.0848,11.4088414227327
2020,"LOUISA","soybeans","SOYBEANS - YIELD, MEASURED IN BU / ACRE",53.3,1.599,3.58770009340575
2020,"MAHASKA","corn","CORN, GRAIN - YIELD, MEASURED IN BU / ACRE",180.8,5.0624,11.3585822094167
2020,"VAN BUREN","corn","CORN, GRAIN - YIELD, MEASURED IN BU / ACRE",153.5,4.298,9.64348655500808
2020,"VAN BUREN","soybeans","SOYBEANS - YIELD, MEASURED IN BU / ACRE",44.2,1.326,2.97516593111696
2020,"WAPELLO","corn","CORN, GRAIN - YIELD, MEASURED IN BU / ACRE",170.6,4.7768,10.7177772396376
2020,"WAPELLO","soybeans","SOYBEANS - YIELD, MEASURED IN BU / ACRE",52,1.56,3.50019521307878
2020,"WASHINGTON","corn","CORN, GRAIN - YIELD, MEASURED IN BU / ACRE",185.4,5.1912,11.6475726859837
2020,"WASHINGTON","soybeans","SOYBEANS - YIELD, MEASURED IN BU / ACRE",53.2,1.596,3.58096894876522
2020,"ADAIR","corn","CORN, GRAIN - YIELD, MEASURED IN BU / ACRE",168.7,4.7236,10.5984116080121
2020,"ADAIR","soybeans","SOYBEANS - YIELD, MEASURED IN BU / ACRE",48.1,1.443,3.23768057209787
2020,"ADAMS","corn","CORN, GRAIN - YIELD, MEASURED IN BU / ACRE",173.3,4.8524,10.8874020845792
2020,"CASS","corn","CORN, GRAIN - YIELD, MEASURED IN BU / ACRE",177.5,4.97,11.1512629544882
2020,"CASS","soybeans","SOYBEANS - YIELD, MEASURED IN BU / ACRE",49.3,1.479,3.31845430778431
2020,"FREMONT","corn","CORN, GRAIN - YIELD, MEASURED IN BU / ACRE",194.8,5.4544,12.2381184424467
2020,"FREMONT","soybeans","SOYBEANS - YIELD, MEASURED IN BU / ACRE",54.8,1.644,3.68866726301379
2020,"MILLS","corn","CORN, GRAIN - YIELD, MEASURED IN BU / ACRE",182.2,5.1016,11.4465358327197
2020,"MILLS","soybeans","SOYBEANS - YIELD, MEASURED IN BU / ACRE",49.3,1.479,3.31845430778431
2020,"MONTGOMERY","corn","CORN, GRAIN - YIELD, MEASURED IN BU / ACRE",184.6,5.1688,11.5973134726677
2020,"MONTGOMERY","soybeans","SOYBEANS - YIELD, MEASURED IN BU / ACRE",49.2,1.476,3.31172316314377
2020,"PAGE","corn","CORN, GRAIN - YIELD, MEASURED IN BU / ACRE",181.6,5.0848,11.4088414227327
2020,"PAGE","soybeans","SOYBEANS - YIELD, MEASURED IN BU / ACRE",52.4,1.572,3.52711979164093
2020,"POTTAWATTAMIE","corn","CORN, GRAIN - YIELD, MEASURED IN BU / ACRE",176.3,4.9364,11.0758741345142
2020,"POTTAWATTAMIE","soybeans","SOYBEANS - YIELD, MEASURED IN BU / ACRE",48,1.44,3.23094942745734
2020,"TAYLOR","corn","CORN, GRAIN - YIELD, MEASURED IN BU / ACRE",166.2,4.6536,10.4413515663996
2020,"TAYLOR","soybeans","SOYBEANS - YIELD, MEASURED IN BU / ACRE",47,1.41,3.16363798105198
2020,"AUDUBON","corn","CORN, GRAIN - YIELD, MEASURED IN BU / ACRE",170.8,4.7824,10.7303420429666
2020,"AUDUBON","soybeans","SOYBEANS - YIELD, MEASURED IN BU / ACRE",48.3,1.449,3.25114286137895
2020,"CALHOUN","corn","CORN, GRAIN - YIELD, MEASURED IN BU / ACRE",159.6,4.4688,10.0267130565426
2020,"CALHOUN","soybeans","SOYBEANS - YIELD, MEASURED IN BU / ACRE",47.7,1.431,3.21075599353573
2020,"CARROLL","corn","CORN, GRAIN - YIELD, MEASURED IN BU / ACRE",150.6,4.2168,9.46129690673757
2020,"CARROLL","soybeans","SOYBEANS - YIELD, MEASURED IN BU / ACRE",54.8,1.644,3.68866726301379
2020,"CRAWFORD","corn","CORN, GRAIN - YIELD, MEASURED IN BU / ACRE",181.2,5.0736,11.3837118160747
2020,"CRAWFORD","soybeans","SOYBEANS - YIELD, MEASURED IN BU / ACRE",54.2,1.626,3.64828039517058
2020,"GREENE","corn","CORN, GRAIN - YIELD, MEASURED IN BU / ACRE",153.8,4.3064,9.66233376000158
2020,"GREENE","soybeans","SOYBEANS - YIELD, MEASURED IN BU / ACRE",49,1.47,3.2982608738627
2020,"GUTHRIE","corn","CORN, GRAIN - YIELD, MEASURED IN BU / ACRE",151.3,4.2364,9.50527371838907
2020,"GUTHRIE","soybeans","SOYBEANS - YIELD, MEASURED IN BU / ACRE",45.5,1.365,3.06267081144393
2020,"HARRISON","corn","CORN, GRAIN - YIELD, MEASURED IN BU / ACRE",180.2,5.0456,11.3208877994297
2020,"HARRISON","soybeans","SOYBEANS - YIELD, MEASURED IN BU / ACRE",52.1,1.563,3.50692635771932
2020,"IDA","corn","CORN, GRAIN - YIELD, MEASURED IN BU / ACRE",188.2,5.2696,11.8234799325897
2020,"IDA","soybeans","SOYBEANS - YIELD, MEASURED IN BU / ACRE",55.5,1.665,3.73578527549755
2020,"MONONA","corn","CORN, GRAIN - YIELD, MEASURED IN BU / ACRE",178.4,4.9952,11.2078045694687
2020,"MONONA","soybeans","SOYBEANS - YIELD, MEASURED IN BU / ACRE",56,1.68,3.76944099870023
2020,"SAC","corn","CORN, GRAIN - YIELD, MEASURED IN BU / ACRE",161,4.508,10.1146666798456
2020,"SAC","soybeans","SOYBEANS - YIELD, MEASURED IN BU / ACRE",47.1,1.413,3.17036912569251
2020,"SHELBY","corn","CORN, GRAIN - YIELD, MEASURED IN BU / ACRE",190.5,5.334,11.9679751708732
2020,"SHELBY","soybeans","SOYBEANS - YIELD, MEASURED IN BU / ACRE",52.8,1.584,3.55404437020307
2020,"WOODBURY","corn","CORN, GRAIN - YIELD, MEASURED IN BU / ACRE",191,5.348,11.9993871791957
2020,"WOODBURY","soybeans","SOYBEANS - YIELD, MEASURED IN BU / ACRE",56.6,1.698,3.80982786654344
2019,"BOONE","corn","CORN, GRAIN - YIELD, MEASURED IN BU / ACRE",194.8,5.4544,12.2381184424467
2019,"BOONE","soybeans","SOYBEANS - YIELD, MEASURED IN BU / ACRE",53.2,1.596,3.58096894876522
2019,"DALLAS","corn","CORN, GRAIN - YIELD, MEASURED IN BU / ACRE",195,5.46,12.2506832457757
2019,"DALLAS","soybeans","SOYBEANS - YIELD, MEASURED IN BU / ACRE",54.4,1.632,3.66174268445165
2019,"GRUNDY","corn","CORN, GRAIN - YIELD, MEASURED IN BU / ACRE",209.8,5.8744,13.1804786921218
2019,"GRUNDY","soybeans","SOYBEANS - YIELD, MEASURED IN BU / ACRE",56.3,1.689,3.78963443262184
2019,"HAMILTON","corn","CORN, GRAIN - YIELD, MEASURED IN BU / ACRE",198.2,5.5496,12.4517200990397
2019,"HAMILTON","soybeans","SOYBEANS - YIELD, MEASURED IN BU / ACRE",51.4,1.542,3.45980834523556
2019,"HARDIN","corn","CORN, GRAIN - YIELD, MEASURED IN BU / ACRE",200.2,5.6056,12.5773681323298
2019,"HARDIN","soybeans","SOYBEANS - YIELD, MEASURED IN BU / ACRE",53.9,1.617,3.62808696124897
2019,"JASPER","corn","CORN, GRAIN - YIELD, MEASURED IN BU / ACRE",209.3,5.8604,13.1490666837993
2019,"JASPER","soybeans","SOYBEANS - YIELD, MEASURED IN BU / ACRE",56.5,1.695,3.80309672190291
2019,"MARSHALL","corn","CORN, GRAIN - YIELD, MEASURED IN BU / ACRE",221.9,6.2132,13.9406492935263
2019,"MARSHALL","soybeans","SOYBEANS - YIELD, MEASURED IN BU / ACRE",60.6,1.818,4.07907365216489
2019,"POLK","corn","CORN, GRAIN - YIELD, MEASURED IN BU / ACRE",196.6,5.5048,12.3512016724077
2019,"POLK","soybeans","SOYBEANS - YIELD, MEASURED IN BU / ACRE",51,1.53,3.43288376667342
2019,"POWESHIEK","corn","CORN, GRAIN - YIELD, MEASURED IN BU / ACRE",200.3,5.6084,12.5836505339943
2019,"POWESHIEK","soybeans","SOYBEANS - YIELD, MEASURED IN BU / ACRE",53.4,1.602,3.59443123804629
2019,"STORY","corn","CORN, GRAIN - YIELD, MEASURED IN BU / ACRE",189.3,5.3004,11.8925863508992
2019,"STORY","soybeans","SOYBEANS - YIELD, MEASURED IN BU / ACRE",50,1.5,3.36557232026806
2019,"TAMA","corn","CORN, GRAIN - YIELD, MEASURED IN BU / ACRE",204.8,5.7344,12.8663586088968
2019,"TAMA","soybeans","SOYBEANS - YIELD, MEASURED IN BU / ACRE",53.4,1.602,3.59443123804629
2019,"WEBSTER","corn","CORN, GRAIN - YIELD, MEASURED IN BU / ACRE",202.9,5.6812,12.7469929772713
2019,"WEBSTER","soybeans","SOYBEANS - YIELD, MEASURED IN BU / ACRE",49.1,1.473,3.30499201850323
2019,"BENTON","corn","CORN, GRAIN - YIELD, MEASURED IN BU / ACRE",197.6,5.5328,12.4140256890527
2019,"BENTON","soybeans","SOYBEANS - YIELD, MEASURED IN BU / ACRE",57.9,1.737,3.89733274687041
2019,"CEDAR","corn","CORN, GRAIN - YIELD, MEASURED IN BU / ACRE",193.7,5.4236,12.1690120241372
2019,"CLINTON","corn","CORN, GRAIN - YIELD, MEASURED IN BU / ACRE",196.1,5.4908,12.3197896640852
2019,"CLINTON","soybeans","SOYBEANS - YIELD, MEASURED IN BU / ACRE",59.5,1.785,4.00503106111899
2019,"IOWA","corn","CORN, GRAIN - YIELD, MEASURED IN BU / ACRE",190.6,5.3368,11.9742575725377
2019,"IOWA","soybeans","SOYBEANS - YIELD, MEASURED IN BU / ACRE",52.3,1.569,3.52038864700039
2019,"JACKSON","corn","CORN, GRAIN - YIELD, MEASURED IN BU / ACRE",185.5,5.194,11.6538550876482
2019,"JOHNSON","corn","CORN, GRAIN - YIELD, MEASURED IN BU / ACRE",181.3,5.0764,11.3899942177392
2019,"JOHNSON","soybeans","SOYBEANS - YIELD, MEASURED IN BU / ACRE",55.5,1.665,3.73578527549755
2019,"JONES","corn","CORN, GRAIN - YIELD, MEASURED IN BU / ACRE",203,5.684,12.7532753789358
2019,"JONES","soybeans","SOYBEANS - YIELD, MEASURED IN BU / ACRE",57.2,1.716,3.85021473438666
2019,"LINN","corn","CORN, GRAIN - YIELD, MEASURED IN BU / ACRE",223.7,6.2636,14.0537325234873
2019,"LINN","soybeans","SOYBEANS - YIELD, MEASURED IN BU / ACRE",56.5,1.695,3.80309672190291
2019,"MUSCATINE","corn","CORN, GRAIN - YIELD, MEASURED IN BU / ACRE",173.2,4.8496,10.8811196829147
2019,"MUSCATINE","soybeans","SOYBEANS - YIELD, MEASURED IN BU / ACRE",55.2,1.656,3.71559184157594
2019,"OTHER (COMBINED) COUNTIES","soybeans","SOYBEANS - YIELD, MEASURED IN BU / ACRE",55.2,1.656,3.71559184157594
2019,"SCOTT","corn","CORN, GRAIN - YIELD, MEASURED IN BU / ACRE",189.4,5.3032,11.8988687525637
2019,"SCOTT","soybeans","SOYBEANS - YIELD, MEASURED IN BU / ACRE",60.5,1.815,4.07234250752435
2019,"BUTLER","corn","CORN, GRAIN - YIELD, MEASURED IN BU / ACRE",209.5,5.866,13.1616314871283
2019,"BUTLER","soybeans","SOYBEANS - YIELD, MEASURED IN BU / ACRE",55,1.65,3.70212955229487
2019,"CERRO GORDO","corn","CORN, GRAIN - YIELD, MEASURED IN BU / ACRE",191.8,5.3704,12.0496463925117
2019,"CERRO GORDO","soybeans","SOYBEANS - YIELD, MEASURED IN BU / ACRE",52.7,1.581,3.54731322556253
2019,"FLOYD","corn","CORN, GRAIN - YIELD, MEASURED IN BU / ACRE",202.9,5.6812,12.7469929772713
2019,"FLOYD","soybeans","SOYBEANS - YIELD, MEASURED IN BU / ACRE",54.3,1.629,3.65501153981111
2019,"FRANKLIN","corn","CORN, GRAIN - YIELD, MEASURED IN BU / ACRE",202.7,5.6756,12.7344281739423
2019,"FRANKLIN","soybeans","SOYBEANS - YIELD, MEASURED IN BU / ACRE",54.1,1.623,3.64154925053004
2019,"HANCOCK","corn","CORN, GRAIN - YIELD, MEASURED IN BU / ACRE",193.3,5.4124,12.1438824174792
2019,"HANCOCK","soybeans","SOYBEANS - YIELD, MEASURED IN BU / ACRE",49.6,1.488,3.33864774170591
2019,"HUMBOLDT","corn","CORN, GRAIN - YIELD, MEASURED IN BU / ACRE",198.7,5.5636,12.4831321073623
2019,"HUMBOLDT","soybeans","SOYBEANS - YIELD, MEASURED IN BU / ACRE",54.9,1.647,3.69539840765433
2019,"KOSSUTH","corn","CORN, GRAIN - YIELD, MEASURED IN BU / ACRE",198.7,5.5636,12.4831321073623
2019,"KOSSUTH","soybeans","SOYBEANS - YIELD, MEASURED IN BU / ACRE",57.4,1.722,3.86367702366773
2019,"MITCHELL","corn","CORN, GRAIN - YIELD, MEASURED IN BU / ACRE",194.5,5.446,12.2192712374532
2019,"MITCHELL","soybeans","SOYBEANS - YIELD, MEASURED IN BU / ACRE",49.8,1.494,3.35211003098699
2019,"WINNEBAGO","corn","CORN, GRAIN - YIELD, MEASURED IN BU / ACRE",198.8,5.5664,12.4894145090268
2019,"WINNEBAGO","soybeans","SOYBEANS - YIELD, MEASURED IN BU / ACRE",54.2,1.626,3.64828039517058
2019,"WORTH","corn","CORN, GRAIN - YIELD, MEASURED IN BU / ACRE",196.5,5.502,12.3449192707432
2019,"WORTH","soybeans","SOYBEANS - YIELD, MEASURED IN BU / ACRE",51,1.53,3.43288376667342
2019,"WRIGHT","corn","CORN, GRAIN - YIELD, MEASURED IN BU / ACRE",197,5.516,12.3763312790657
2019,"WRIGHT","soybeans","SOYBEANS - YIELD, MEASURED IN BU / ACRE",54.1,1.623,3.64154925053004
2019,"ALLAMAKEE","corn","CORN, GRAIN - YIELD, MEASURED IN BU / ACRE",187.2,5.2416,11.7606559159447
2019,"BLACK HAWK","corn","CORN, GRAIN - YIELD, MEASURED IN BU / ACRE",205.1,5.7428,12.8852058138903
2019,"BLACK HAWK","soybeans","SOYBEANS - YIELD, MEASURED IN BU / ACRE",51.9,1.557,3.49346406843825
2019,"BREMER","corn","CORN, GRAIN - YIELD, MEASURED IN BU / ACRE",212.5,5.95,13.3501035370633
2019,"BREMER","soybeans","SOYBEANS - YIELD, MEASURED IN BU / ACRE",52.5,1.575,3.53385093628146
2019,"BUCHANAN","corn","CORN, GRAIN - YIELD, MEASURED IN BU / ACRE",218.9,6.1292,13.7521772435913
2019,"BUCHANAN","soybeans","SOYBEANS - YIELD, MEASURED IN BU / ACRE",55.2,1.656,3.71559184157594
2019,"CHICKASAW","corn","CORN, GRAIN - YIELD, MEASURED IN BU / ACRE",212.1,5.9388,13.3249739304053
2019,"CHICKASAW","soybeans","SOYBEANS - YIELD, MEASURED IN BU / ACRE",54.5,1.635,3.66847382909219
2019,"CLAYTON","corn","CORN, GRAIN - YIELD, MEASURED IN BU / ACRE",197.5,5.53,12.4077432873882
2019,"CLAYTON","soybeans","SOYBEANS - YIELD, MEASURED IN BU / ACRE",56.4,1.692,3.79636557726237
2019,"DELAWARE","corn","CORN, GRAIN - YIELD, MEASURED IN BU / ACRE",204.5,5.726,12.8475114039033
2019,"DUBUQUE","corn","CORN, GRAIN - YIELD, MEASURED IN BU / ACRE",216.4,6.0592,13.5951172019788
2019,"DUBUQUE","soybeans","SOYBEANS - YIELD, MEASURED IN BU / ACRE",60.2,1.806,4.05214907360274
2019,"FAYETTE","corn","CORN, GRAIN - YIELD, MEASURED IN BU / ACRE",200.5,5.614,12.5962153373233
2019,"FAYETTE","soybeans","SOYBEANS - YIELD, MEASURED IN BU / ACRE",55.5,1.665,3.73578527549755
2019,"HOWARD","corn","CORN, GRAIN - YIELD, MEASURED IN BU / ACRE",194.2,5.4376,12.2004240324597
2019,"HOWARD","soybeans","SOYBEANS - YIELD, MEASURED IN BU / ACRE",52.1,1.563,3.50692635771932
2019,"OTHER (COMBINED) COUNTIES","soybeans","SOYBEANS - YIELD, MEASURED IN BU / ACRE",56.4,1.692,3.79636557726237
2019,"WINNESHIEK","corn","CORN, GRAIN - YIELD, MEASURED IN BU / ACRE",200.4,5.6112,12.5899329356588
2019,"WINNESHIEK","soybeans","SOYBEANS - YIELD, MEASURED IN BU / ACRE",55.6,1.668,3.74251642013808
2019,"BUENA VISTA","corn","CORN, GRAIN - YIELD, MEASURED IN BU / ACRE",190.8,5.3424,11.9868223758667
2019,"BUENA VISTA","soybeans","SOYBEANS - YIELD, MEASURED IN BU / ACRE",53.5,1.605,3.60116238268682
2019,"CHEROKEE","corn","CORN, GRAIN - YIELD, MEASURED IN BU / ACRE",208.9,5.8492,13.1239370771413
2019,"CHEROKEE","soybeans","SOYBEANS - YIELD, MEASURED IN BU / ACRE",58.8,1.764,3.95791304863524
2019,"CLAY","corn","CORN, GRAIN - YIELD, MEASURED IN BU / ACRE",185.5,5.194,11.6538550876482
2019,"CLAY","soybeans","SOYBEANS - YIELD, MEASURED IN BU / ACRE",50.9,1.527,3.42615262203288
2019,"DICKINSON","corn","CORN, GRAIN - YIELD, MEASURED IN BU / ACRE",170,4.76,10.6800828296506
2019,"DICKINSON","soybeans","SOYBEANS - YIELD, MEASURED IN BU / ACRE",51.3,1.539,3.45307720059503
2019,"LYON","corn","CORN, GRAIN - YIELD, MEASURED IN BU / ACRE",186.5,5.222,11.7166791042932
2019,"LYON","soybeans","SOYBEANS - YIELD, MEASURED IN BU / ACRE",54.8,1.644,3.68866726301379
2019,"O BRIEN","corn","CORN, GRAIN - YIELD, MEASURED IN BU / ACRE",204.9,5.7372,12.8726410105613
2019,"O BRIEN","soybeans","SOYBEANS - YIELD, MEASURED IN BU / ACRE",56,1.68,3.76944099870023
2019,"OSCEOLA","corn","CORN, GRAIN - YIELD, MEASURED IN BU / ACRE",182.5,5.11,11.4653830377132
2019,"OSCEOLA","soybeans","SOYBEANS - YIELD, MEASURED IN BU / ACRE",50.5,1.515,3.39922804347074
2019,"OTHER (COMBINED) COUNTIES","corn","CORN, GRAIN - YIELD, MEASURED IN BU / ACRE",191.2,5.3536,12.0119519825247
2019,"OTHER (COMBINED) COUNTIES","soybeans","SOYBEANS - YIELD, MEASURED IN BU / ACRE",54,1.62,3.6348181058895
2019,"PALO ALTO","corn","CORN, GRAIN - YIELD, MEASURED IN BU / ACRE",198.3,5.5524,12.4580025007043
2019,"PALO ALTO","soybeans","SOYBEANS - YIELD, MEASURED IN BU / ACRE",55.6,1.668,3.74251642013808
2019,"PLYMOUTH","corn","CORN, GRAIN - YIELD, MEASURED IN BU / ACRE",217.8,6.0984,13.6830708252818
2019,"SIOUX","corn","CORN, GRAIN - YIELD, MEASURED IN BU / ACRE",192.1,5.3788,12.0684935975052
2019,"SIOUX","soybeans","SOYBEANS - YIELD, MEASURED IN BU / ACRE",60.8,1.824,4.09253594144596
2019,"APPANOOSE","corn","CORN, GRAIN - YIELD, MEASURED IN BU / ACRE",166.8,4.6704,10.4790459763866
2019,"MADISON","corn","CORN, GRAIN - YIELD, MEASURED IN BU / ACRE",175.7,4.9196,11.0381797245272
2019,"MADISON","soybeans","SOYBEANS - YIELD, MEASURED IN BU / ACRE",52.3,1.569,3.52038864700039
2019,"MARION","corn","CORN, GRAIN - YIELD, MEASURED IN BU / ACRE",170.7,4.7796,10.7240596413021
2019,"MARION","soybeans","SOYBEANS - YIELD, MEASURED IN BU / ACRE",54,1.62,3.6348181058895
2019,"MONROE","corn","CORN, GRAIN - YIELD, MEASURED IN BU / ACRE",162.3,4.5444,10.1963379014841
2019,"MONROE","soybeans","SOYBEANS - YIELD, MEASURED IN BU / ACRE",56.1,1.683,3.77617214334076
2019,"OTHER (COMBINED) COUNTIES","corn","CORN, GRAIN - YIELD, MEASURED IN BU / ACRE",152.3,4.2644,9.56809773503408
2019,"OTHER (COMBINED) COUNTIES","soybeans","SOYBEANS - YIELD, MEASURED IN BU / ACRE",50.1,1.503,3.3723034649086
2019,"UNION","corn","CORN, GRAIN - YIELD, MEASURED IN BU / ACRE",168.9,4.7292,10.6109764113411
2019,"UNION","soybeans","SOYBEANS - YIELD, MEASURED IN BU / ACRE",53.7,1.611,3.6146246719679
2019,"WARREN","soybeans","SOYBEANS - YIELD, MEASURED IN BU / ACRE",52.3,1.569,3.52038864700039
2019,"WAYNE","corn","CORN, GRAIN - YIELD, MEASURED IN BU / ACRE",151.4,4.2392,9.51155612005357
2019,"WAYNE","soybeans","SOYBEANS - YIELD, MEASURED IN BU / ACRE",52.5,1.575,3.53385093628146
2019,"DAVIS","corn","CORN, GRAIN - YIELD, MEASURED IN BU / ACRE",160,4.48,10.0518426632006
2019,"DAVIS","soybeans","SOYBEANS - YIELD, MEASURED IN BU / ACRE",54.6,1.638,3.67520497373272
2019,"DES MOINES","corn","CORN, GRAIN - YIELD, MEASURED IN BU / ACRE",176.9,4.9532,11.1135685445012
2019,"DES MOINES","soybeans","SOYBEANS - YIELD, MEASURED IN BU / ACRE",55.1,1.653,3.7088606969354
2019,"HENRY","corn","CORN, GRAIN - YIELD, MEASURED IN BU / ACRE",164.5,4.606,10.3345507381031
2019,"HENRY","soybeans","SOYBEANS - YIELD, MEASURED IN BU / ACRE",56.9,1.707,3.83002130046505
2019,"JEFFERSON","corn","CORN, GRAIN - YIELD, MEASURED IN BU / ACRE",162.7,4.5556,10.2214675081421
2019,"JEFFERSON","soybeans","SOYBEANS - YIELD, MEASURED IN BU / ACRE",53.3,1.599,3.58770009340575
2019,"KEOKUK","corn","CORN, GRAIN - YIELD, MEASURED IN BU / ACRE",175.4,4.9112,11.0193325195337
2019,"KEOKUK","soybeans","SOYBEANS - YIELD, MEASURED IN BU / ACRE",55.8,1.674,3.75597870941915
2019,"LEE","corn","CORN, GRAIN - YIELD, MEASURED IN BU / ACRE",172.5,4.83,10.8371428712632
2019,"LEE","soybeans","SOYBEANS - YIELD, MEASURED IN BU / ACRE",54.8,1.644,3.68866726301379
2019,"LOUISA","corn","CORN, GRAIN - YIELD, MEASURED IN BU / ACRE",174.6,4.8888,10.9690733062177
2019,"LOUISA","soybeans","SOYBEANS - YIELD, MEASURED IN BU / ACRE",54.3,1.629,3.65501153981111
2019,"MAHASKA","corn","CORN, GRAIN - YIELD, MEASURED IN BU / ACRE",189.9,5.3172,11.9302807608862
2019,"MAHASKA","soybeans","SOYBEANS - YIELD, MEASURED IN BU / ACRE",53.7,1.611,3.6146246719679
2019,"VAN BUREN","corn","CORN, GRAIN - YIELD, MEASURED IN BU / ACRE",171,4.788,10.7429068462956
2019,"VAN BUREN","soybeans","SOYBEANS - YIELD, MEASURED IN BU / ACRE",53.9,1.617,3.62808696124897
2019,"WAPELLO","corn","CORN, GRAIN - YIELD, MEASURED IN BU / ACRE",176.5,4.942,11.0884389378432
2019,"WAPELLO","soybeans","SOYBEANS - YIELD, MEASURED IN BU / ACRE",55.5,1.665,3.73578527549755
2019,"WASHINGTON","corn","CORN, GRAIN - YIELD, MEASURED IN BU / ACRE",178.9,5.0092,11.2392165777912
2019,"WASHINGTON","soybeans","SOYBEANS - YIELD, MEASURED IN BU / ACRE",54.7,1.641,3.68193611837326
2019,"ADAIR","corn","CORN, GRAIN - YIELD, MEASURED IN BU / ACRE",176.5,4.942,11.0884389378432
2019,"ADAIR","soybeans","SOYBEANS - YIELD, MEASURED IN BU / ACRE",53.3,1.599,3.58770009340575
2019,"CASS","corn","CORN, GRAIN - YIELD, MEASURED IN BU / ACRE",200.3,5.6084,12.5836505339943
2019,"CASS","soybeans","SOYBEANS - YIELD, MEASURED IN BU / ACRE",56.9,1.707,3.83002130046505
2019,"MILLS","corn","CORN, GRAIN - YIELD, MEASURED IN BU / ACRE",202.9,5.6812,12.7469929772713
2019,"MONTGOMERY","corn","CORN, GRAIN - YIELD, MEASURED IN BU / ACRE",204.8,5.7344,12.8663586088968
2019,"MONTGOMERY","soybeans","SOYBEANS - YIELD, MEASURED IN BU / ACRE",58.3,1.749,3.92425732543256
2019,"OTHER (COMBINED) COUNTIES","corn","CORN, GRAIN - YIELD, MEASURED IN BU / ACRE",189.6,5.3088,11.9114335558927
2019,"OTHER (COMBINED) COUNTIES","soybeans","SOYBEANS - YIELD, MEASURED IN BU / ACRE",55.8,1.674,3.75597870941915
2019,"PAGE","corn","CORN, GRAIN - YIELD, MEASURED IN BU / ACRE",191.3,5.3564,12.0182343841892
2019,"PAGE","soybeans","SOYBEANS - YIELD, MEASURED IN BU / ACRE",55.9,1.677,3.76270985405969
2019,"POTTAWATTAMIE","corn","CORN, GRAIN - YIELD, MEASURED IN BU / ACRE",208,5.824,13.0673954621608
2019,"POTTAWATTAMIE","soybeans","SOYBEANS - YIELD, MEASURED IN BU / ACRE",58.5,1.755,3.93771961471363
2019,"TAYLOR","corn","CORN, GRAIN - YIELD, MEASURED IN BU / ACRE",161.7,4.5276,10.1586434914971
2019,"TAYLOR","soybeans","SOYBEANS - YIELD, MEASURED IN BU / ACRE",49.9,1.497,3.35884117562752
2019,"AUDUBON","corn","CORN, GRAIN - YIELD, MEASURED IN BU / ACRE",216,6.048,13.5699875953208
2019,"AUDUBON","soybeans","SOYBEANS - YIELD, MEASURED IN BU / ACRE",58.9,1.767,3.96464419327577
2019,"CALHOUN","corn","CORN, GRAIN - YIELD, MEASURED IN BU / ACRE",198.8,5.5664,12.4894145090268
2019,"CALHOUN","soybeans","SOYBEANS - YIELD, MEASURED IN BU / ACRE",55.1,1.653,3.7088606969354
2019,"CARROLL","corn","CORN, GRAIN - YIELD, MEASURED IN BU / ACRE",219.7,6.1516,13.8024364569073
2019,"CARROLL","soybeans","SOYBEANS - YIELD, MEASURED IN BU / ACRE",58.8,1.764,3.95791304863524
2019,"CRAWFORD","corn","CORN, GRAIN - YIELD, MEASURED IN BU / ACRE",234.7,6.5716,14.7447967065824
2019,"CRAWFORD","soybeans","SOYBEANS - YIELD, MEASURED IN BU / ACRE",61.9,1.857,4.16657853249186
2019,"GREENE","corn","CORN, GRAIN - YIELD, MEASURED IN BU / ACRE",201.4,5.6392,12.6527569523038
2019,"GREENE","soybeans","SOYBEANS - YIELD, MEASURED IN BU / ACRE",54.2,1.626,3.64828039517058
2019,"GUTHRIE","corn","CORN, GRAIN - YIELD, MEASURED IN BU / ACRE",196.7,5.5076,12.3574840740722
2019,"GUTHRIE","soybeans","SOYBEANS - YIELD, MEASURED IN BU / ACRE",54.2,1.626,3.64828039517058
2019,"MONONA","corn","CORN, GRAIN - YIELD, MEASURED IN BU / ACRE",203.9,5.7092,12.8098169939163
2019,"MONONA","soybeans","SOYBEANS - YIELD, MEASURED IN BU / ACRE",55.8,1.674,3.75597870941915
2019,"OTHER (COMBINED) COUNTIES","corn","CORN, GRAIN - YIELD, MEASURED IN BU / ACRE",210,5.88,13.1930434954508
2019,"OTHER (COMBINED) COUNTIES","soybeans","SOYBEANS - YIELD, MEASURED IN BU / ACRE",55.9,1.677,3.76270985405969
2019,"SAC","corn","CORN, GRAIN - YIELD, MEASURED IN BU / ACRE",220.6,6.1768,13.8589780718878
2019,"SAC","soybeans","SOYBEANS - YIELD, MEASURED IN BU / ACRE",59.3,1.779,3.99156877183792
2019,"SHELBY","corn","CORN, GRAIN - YIELD, MEASURED IN BU / ACRE",217.3,6.0844,13.6516588169593
2019,"SHELBY","soybeans","SOYBEANS - YIELD, MEASURED IN BU / ACRE",58.7,1.761,3.9511819039947
2019,"WOODBURY","corn","CORN, GRAIN - YIELD, MEASURED IN BU / ACRE",218.2,6.1096,13.7082004319398
2019,"WOODBURY","soybeans","SOYBEANS - YIELD, MEASURED IN BU / ACRE",56.8,1.704,3.82329015582452
2018,"BOONE","corn","CORN, GRAIN - YIELD, MEASURED IN BU / ACRE",193.7,5.4236,12.1690120241372
2018,"BOONE","soybeans","SOYBEANS - YIELD, MEASURED IN BU / ACRE",54.6,1.638,3.67520497373272
2018,"DALLAS","corn","CORN, GRAIN - YIELD, MEASURED IN BU / ACRE",174,4.872,10.9313788962307
2018,"DALLAS","soybeans","SOYBEANS - YIELD, MEASURED IN BU / ACRE",52.8,1.584,3.55404437020307
2018,"GRUNDY","corn","CORN, GRAIN - YIELD, MEASURED IN BU / ACRE",225.2,6.3056,14.1479685484549
2018,"GRUNDY","soybeans","SOYBEANS - YIELD, MEASURED IN BU / ACRE",61.9,1.857,4.16657853249186
2018,"HAMILTON","corn","CORN, GRAIN - YIELD, MEASURED IN BU / ACRE",188.9,5.2892,11.8674567442412
2018,"HAMILTON","soybeans","SOYBEANS - YIELD, MEASURED IN BU / ACRE",49.9,1.497,3.35884117562752
2018,"HARDIN","corn","CORN, GRAIN - YIELD, MEASURED IN BU / ACRE",216.6,6.0648,13.6076820053078
2018,"HARDIN","soybeans","SOYBEANS - YIELD, MEASURED IN BU / ACRE",59.3,1.779,3.99156877183792
2018,"JASPER","corn","CORN, GRAIN - YIELD, MEASURED IN BU / ACRE",218.6,6.1208,13.7333300385978
2018,"JASPER","soybeans","SOYBEANS - YIELD, MEASURED IN BU / ACRE",60.7,1.821,4.08580479680542
2018,"MARSHALL","corn","CORN, GRAIN - YIELD, MEASURED IN BU / ACRE",226,6.328,14.1982277617709
2018,"MARSHALL","soybeans","SOYBEANS - YIELD, MEASURED IN BU / ACRE",61.9,1.857,4.16657853249186
2018,"POLK","corn","CORN, GRAIN - YIELD, MEASURED IN BU / ACRE",186.2,5.2136,11.6978318992997
2018,"POLK","soybeans","SOYBEANS - YIELD, MEASURED IN BU / ACRE",53.4,1.602,3.59443123804629
2018,"POWESHIEK","corn","CORN, GRAIN - YIELD, MEASURED IN BU / ACRE",218.7,6.1236,13.7396124402623
2018,"POWESHIEK","soybeans","SOYBEANS - YIELD, MEASURED IN BU / ACRE",58.2,1.746,3.91752618079202
2018,"STORY","corn","CORN, GRAIN - YIELD, MEASURED IN BU / ACRE",192.3,5.3844,12.0810584008342
2018,"STORY","soybeans","SOYBEANS - YIELD, MEASURED IN BU / ACRE",52.8,1.584,3.55404437020307
2018,"TAMA","corn","CORN, GRAIN - YIELD, MEASURED IN BU / ACRE",224.3,6.2804,14.0914269334743
2018,"TAMA","soybeans","SOYBEANS - YIELD, MEASURED IN BU / ACRE",60.1,1.803,4.04541792896221
2018,"WEBSTER","corn","CORN, GRAIN - YIELD, MEASURED IN BU / ACRE",188.1,5.2668,11.8171975309252
2018,"WEBSTER","soybeans","SOYBEANS - YIELD, MEASURED IN BU / ACRE",51.1,1.533,3.43961491131396
2018,"BENTON","corn","CORN, GRAIN - YIELD, MEASURED IN BU / ACRE",214.6,6.0088,13.4820339720178
2018,"BENTON","soybeans","SOYBEANS - YIELD, MEASURED IN BU / ACRE",61,1.83,4.10599823072703
2018,"CEDAR","corn","CORN, GRAIN - YIELD, MEASURED IN BU / ACRE",222.3,6.2244,13.9657789001843
2018,"CEDAR","soybeans","SOYBEANS - YIELD, MEASURED IN BU / ACRE",63.3,1.899,4.26081455745936
2018,"CLINTON","corn","CORN, GRAIN - YIELD, MEASURED IN BU / ACRE",210.9,5.9052,13.2495851104313
2018,"CLINTON","soybeans","SOYBEANS - YIELD, MEASURED IN BU / ACRE",58.3,1.749,3.92425732543256
2018,"IOWA","corn","CORN, GRAIN - YIELD, MEASURED IN BU / ACRE",211.7,5.9276,13.2998443237473
2018,"IOWA","soybeans","SOYBEANS - YIELD, MEASURED IN BU / ACRE",56,1.68,3.76944099870023
2018,"JACKSON","corn","CORN, GRAIN - YIELD, MEASURED IN BU / ACRE",202.4,5.6672,12.7155809689488
2018,"JACKSON","soybeans","SOYBEANS - YIELD, MEASURED IN BU / ACRE",58.1,1.743,3.91079503615149
2018,"JOHNSON","corn","CORN, GRAIN - YIELD, MEASURED IN BU / ACRE",212.3,5.9444,13.3375387337343
2018,"JOHNSON","soybeans","SOYBEANS - YIELD, MEASURED IN BU / ACRE",59.9,1.797,4.03195563968114
2018,"JONES","corn","CORN, GRAIN - YIELD, MEASURED IN BU / ACRE",208.9,5.8492,13.1239370771413
2018,"JONES","soybeans","SOYBEANS - YIELD, MEASURED IN BU / ACRE",60.1,1.803,4.04541792896221
2018,"LINN","corn","CORN, GRAIN - YIELD, MEASURED IN BU / ACRE",215.4,6.0312,13.5322931853338
2018,"LINN","soybeans","SOYBEANS - YIELD, MEASURED IN BU / ACRE",57.7,1.731,3.88387045758934
2018,"MUSCATINE","corn","CORN, GRAIN - YIELD, MEASURED IN BU / ACRE",209.6,5.8688,13.1679138887928
2018,"MUSCATINE","soybeans","SOYBEANS - YIELD, MEASURED IN BU / ACRE",61.7,1.851,4.15311624321079
2018,"SCOTT","corn","CORN, GRAIN - YIELD, MEASURED IN BU / ACRE",214,5.992,13.4443395620308
2018,"SCOTT","soybeans","SOYBEANS - YIELD, MEASURED IN BU / ACRE",63.7,1.911,4.28773913602151
2018,"BUTLER","corn","CORN, GRAIN - YIELD, MEASURED IN BU / ACRE",211.3,5.9164,13.2747147170893
2018,"BUTLER","soybeans","SOYBEANS - YIELD, MEASURED IN BU / ACRE",56.1,1.683,3.77617214334076
2018,"CERRO GORDO","corn","CORN, GRAIN - YIELD, MEASURED IN BU / ACRE",184.4,5.1632,11.5847486693387
2018,"CERRO GORDO","soybeans","SOYBEANS - YIELD, MEASURED IN BU / ACRE",51.7,1.551,3.48000177915717
2018,"FLOYD","corn","CORN, GRAIN - YIELD, MEASURED IN BU / ACRE",184.4,5.1632,11.5847486693387
2018,"FLOYD","soybeans","SOYBEANS - YIELD, MEASURED IN BU / ACRE",49.8,1.494,3.35211003098699
2018,"FRANKLIN","corn","CORN, GRAIN - YIELD, MEASURED IN BU / ACRE",204.3,5.7204,12.8349466005743
2018,"FRANKLIN","soybeans","SOYBEANS - YIELD, MEASURED IN BU / ACRE",58.5,1.755,3.93771961471363
2018,"HANCOCK","corn","CORN, GRAIN - YIELD, MEASURED IN BU / ACRE",176.7,4.9476,11.1010037411722
2018,"HANCOCK","soybeans","SOYBEANS - YIELD, MEASURED IN BU / ACRE",53.2,1.596,3.58096894876522
2018,"HUMBOLDT","corn","CORN, GRAIN - YIELD, MEASURED IN BU / ACRE",162.3,4.5444,10.1963379014841
2018,"HUMBOLDT","soybeans","SOYBEANS - YIELD, MEASURED IN BU / ACRE",50.4,1.512,3.3924968988302
2018,"KOSSUTH","corn","CORN, GRAIN - YIELD, MEASURED IN BU / ACRE",180.2,5.0456,11.3208877994297
2018,"KOSSUTH","soybeans","SOYBEANS - YIELD, MEASURED IN BU / ACRE",54.2,1.626,3.64828039517058
2018,"MITCHELL","corn","CORN, GRAIN - YIELD, MEASURED IN BU / ACRE",193.3,5.4124,12.1438824174792
2018,"MITCHELL","soybeans","SOYBEANS - YIELD, MEASURED IN BU / ACRE",55.6,1.668,3.74251642013808
2018,"WINNEBAGO","corn","CORN, GRAIN - YIELD, MEASURED IN BU / ACRE",180.8,5.0624,11.3585822094167
2018,"WINNEBAGO","soybeans","SOYBEANS - YIELD, MEASURED IN BU / ACRE",51.8,1.554,3.48673292379771
2018,"WORTH","corn","CORN, GRAIN - YIELD, MEASURED IN BU / ACRE",180,5.04,11.3083229961007
2018,"WORTH","soybeans","SOYBEANS - YIELD, MEASURED IN BU / ACRE",53.7,1.611,3.6146246719679
2018,"WRIGHT","corn","CORN, GRAIN - YIELD, MEASURED IN BU / ACRE",180.5,5.054,11.3397350044232
2018,"WRIGHT","soybeans","SOYBEANS - YIELD, MEASURED IN BU / ACRE",52.6,1.578,3.540582080922
2018,"ALLAMAKEE","corn","CORN, GRAIN - YIELD, MEASURED IN BU / ACRE",198.4,5.5552,12.4642849023687
2018,"ALLAMAKEE","soybeans","SOYBEANS - YIELD, MEASURED IN BU / ACRE",52.8,1.584,3.55404437020307
2018,"BLACK HAWK","corn","CORN, GRAIN - YIELD, MEASURED IN BU / ACRE",206.2,5.7736,12.9543122321998
2018,"BLACK HAWK","soybeans","SOYBEANS - YIELD, MEASURED IN BU / ACRE",58.4,1.752,3.93098847007309
2018,"BREMER","corn","CORN, GRAIN - YIELD, MEASURED IN BU / ACRE",212.4,5.9472,13.3438211353988
2018,"BREMER","soybeans","SOYBEANS - YIELD, MEASURED IN BU / ACRE",57.3,1.719,3.8569458790272
2018,"BUCHANAN","corn","CORN, GRAIN - YIELD, MEASURED IN BU / ACRE",207.1,5.7988,13.0108538471803
2018,"BUCHANAN","soybeans","SOYBEANS - YIELD, MEASURED IN BU / ACRE",57.2,1.716,3.85021473438666
2018,"CHICKASAW","corn","CORN, GRAIN - YIELD, MEASURED IN BU / ACRE",192.9,5.4012,12.1187528108212
2018,"CHICKASAW","soybeans","SOYBEANS - YIELD, MEASURED IN BU / ACRE",53.2,1.596,3.58096894876522
2018,"CLAYTON","corn","CORN, GRAIN - YIELD, MEASURED IN BU / ACRE",201.5,5.642,12.6590393539683
2018,"CLAYTON","soybeans","SOYBEANS - YIELD, MEASURED IN BU / ACRE",58.8,1.764,3.95791304863524
2018,"DELAWARE","corn","CORN, GRAIN - YIELD, MEASURED IN BU / ACRE",224.8,6.2944,14.1228389417969
2018,"DELAWARE","soybeans","SOYBEANS - YIELD, MEASURED IN BU / ACRE",63.9,1.917,4.30120142530258
2018,"DUBUQUE","corn","CORN, GRAIN - YIELD, MEASURED IN BU / ACRE",211.8,5.9304,13.3061267254118
2018,"DUBUQUE","soybeans","SOYBEANS - YIELD, MEASURED IN BU / ACRE",62,1.86,4.17330967713239
2018,"FAYETTE","corn","CORN, GRAIN - YIELD, MEASURED IN BU / ACRE",200.1,5.6028,12.5710857306653
2018,"FAYETTE","soybeans","SOYBEANS - YIELD, MEASURED IN BU / ACRE",56.5,1.695,3.80309672190291
2018,"HOWARD","corn","CORN, GRAIN - YIELD, MEASURED IN BU / ACRE",185.5,5.194,11.6538550876482
2018,"HOWARD","soybeans","SOYBEANS - YIELD, MEASURED IN BU / ACRE",53.7,1.611,3.6146246719679
2018,"WINNESHIEK","corn","CORN, GRAIN - YIELD, MEASURED IN BU / ACRE",198.1,5.5468,12.4454376973752
2018,"WINNESHIEK","soybeans","SOYBEANS - YIELD, MEASURED IN BU / ACRE",51.7,1.551,3.48000177915717
2018,"BUENA VISTA","corn","CORN, GRAIN - YIELD, MEASURED IN BU / ACRE",193.1,5.4068,12.1313176141502
2018,"BUENA VISTA","soybeans","SOYBEANS - YIELD, MEASURED IN BU / ACRE",55.5,1.665,3.73578527549755
2018,"CHEROKEE","corn","CORN, GRAIN - YIELD, MEASURED IN BU / ACRE",213.3,5.9724,13.4003627503793
2018,"CHEROKEE","soybeans","SOYBEANS - YIELD, MEASURED IN BU / ACRE",64.3,1.929,4.32812600386472
2018,"CLAY","corn","CORN, GRAIN - YIELD, MEASURED IN BU / ACRE",158.5,4.438,9.9576066382331
2018,"CLAY","soybeans","SOYBEANS - YIELD, MEASURED IN BU / ACRE",52.6,1.578,3.540582080922
2018,"DICKINSON","corn","CORN, GRAIN - YIELD, MEASURED IN BU / ACRE",160.4,4.4912,10.0769722698586
2018,"DICKINSON","soybeans","SOYBEANS - YIELD, MEASURED IN BU / ACRE",49.8,1.494,3.35211003098699
2018,"EMMET","corn","CORN, GRAIN - YIELD, MEASURED IN BU / ACRE",155.8,4.3624,9.78798179329159
2018,"EMMET","soybeans","SOYBEANS - YIELD, MEASURED IN BU / ACRE",46.7,1.401,3.14344454713037
2018,"LYON","corn","CORN, GRAIN - YIELD, MEASURED IN BU / ACRE",193,5.404,12.1250352124857
2018,"LYON","soybeans","SOYBEANS - YIELD, MEASURED IN BU / ACRE",60.6,1.818,4.07907365216489
2018,"O BRIEN","corn","CORN, GRAIN - YIELD, MEASURED IN BU / ACRE",201.6,5.6448,12.6653217556328
2018,"O BRIEN","soybeans","SOYBEANS - YIELD, MEASURED IN BU / ACRE",59.9,1.797,4.03195563968114
2018,"OSCEOLA","corn","CORN, GRAIN - YIELD, MEASURED IN BU / ACRE",180.2,5.0456,11.3208877994297
2018,"OSCEOLA","soybeans","SOYBEANS - YIELD, MEASURED IN BU / ACRE",57.2,1.716,3.85021473438666
2018,"PALO ALTO","corn","CORN, GRAIN - YIELD, MEASURED IN BU / ACRE",157.9,4.4212,9.9199122282461
2018,"PALO ALTO","soybeans","SOYBEANS - YIELD, MEASURED IN BU / ACRE",48.8,1.464,3.28479858458163
2018,"PLYMOUTH","corn","CORN, GRAIN - YIELD, MEASURED IN BU / ACRE",213.8,5.9864,13.4317747587018
2018,"PLYMOUTH","soybeans","SOYBEANS - YIELD, MEASURED IN BU / ACRE",61.3,1.839,4.12619166464864
2018,"POCAHONTAS","corn","CORN, GRAIN - YIELD, MEASURED IN BU / ACRE",179.2,5.0176,11.2580637827847
2018,"POCAHONTAS","soybeans","SOYBEANS - YIELD, MEASURED IN BU / ACRE",49.7,1.491,3.34537888634645
2018,"SIOUX","corn","CORN, GRAIN - YIELD, MEASURED IN BU / ACRE",211.9,5.9332,13.3124091270763
2018,"SIOUX","soybeans","SOYBEANS - YIELD, MEASURED IN BU / ACRE",65.8,1.974,4.42909317347277
2018,"APPANOOSE","soybeans","SOYBEANS - YIELD, MEASURED IN BU / ACRE",45.1,1.353,3.03574623288179
2018,"CLARKE","corn","CORN, GRAIN - YIELD, MEASURED IN BU / ACRE",161.8,4.5304,10.1649258931616
2018,"CLARKE","soybeans","SOYBEANS - YIELD, MEASURED IN BU / ACRE",47.9,1.437,3.2242182828168
2018,"DECATUR","corn","CORN, GRAIN - YIELD, MEASURED IN BU / ACRE",172.5,4.83,10.8371428712632
2018,"DECATUR","soybeans","SOYBEANS - YIELD, MEASURED IN BU / ACRE",48,1.44,3.23094942745734
2018,"LUCAS","soybeans","SOYBEANS - YIELD, MEASURED IN BU / ACRE",41.5,1.245,2.79342502582249
2018,"MADISON","corn","CORN, GRAIN - YIELD, MEASURED IN BU / ACRE",167.8,4.6984,10.5418699930316
2018,"MADISON","soybeans","SOYBEANS - YIELD, MEASURED IN BU / ACRE",50.9,1.527,3.42615262203288
2018,"MARION","corn","CORN, GRAIN - YIELD, MEASURED IN BU / ACRE",190.2,5.3256,11.9491279658797
2018,"MARION","soybeans","SOYBEANS - YIELD, MEASURED IN BU / ACRE",58.3,1.749,3.92425732543256
2018,"MONROE","corn","CORN, GRAIN - YIELD, MEASURED IN BU / ACRE",167,4.676,10.4916107797156
2018,"MONROE","soybeans","SOYBEANS - YIELD, MEASURED IN BU / ACRE",50.4,1.512,3.3924968988302
2018,"OTHER (COMBINED) COUNTIES","corn","CORN, GRAIN - YIELD, MEASURED IN BU / ACRE",142.6,3.9928,8.95870477357754
2018,"RINGGOLD","corn","CORN, GRAIN - YIELD, MEASURED IN BU / ACRE",153.3,4.2924,9.63092175167908
2018,"RINGGOLD","soybeans","SOYBEANS - YIELD, MEASURED IN BU / ACRE",47.2,1.416,3.17710027033305
2018,"UNION","corn","CORN, GRAIN - YIELD, MEASURED IN BU / ACRE",155.8,4.3624,9.78798179329159
2018,"UNION","soybeans","SOYBEANS - YIELD, MEASURED IN BU / ACRE",48.6,1.458,3.27133629530055
2018,"WARREN","corn","CORN, GRAIN - YIELD, MEASURED IN BU / ACRE",163.6,4.5808,10.2780091231226
2018,"WARREN","soybeans","SOYBEANS - YIELD, MEASURED IN BU / ACRE",52,1.56,3.50019521307878
2018,"WAYNE","corn","CORN, GRAIN - YIELD, MEASURED IN BU / ACRE",171.6,4.8048,10.7806012562826
2018,"WAYNE","soybeans","SOYBEANS - YIELD, MEASURED IN BU / ACRE",49,1.47,3.2982608738627
2018,"DAVIS","soybeans","SOYBEANS - YIELD, MEASURED IN BU / ACRE",50.2,1.506,3.37903460954913
2018,"DES MOINES","corn","CORN, GRAIN - YIELD, MEASURED IN BU / ACRE",195.4,5.4712,12.2758128524337
2018,"DES MOINES","soybeans","SOYBEANS - YIELD, MEASURED IN BU / ACRE",63.8,1.914,4.29447028066204
2018,"HENRY","corn","CORN, GRAIN - YIELD, MEASURED IN BU / ACRE",189.7,5.3116,11.9177159575572
2018,"HENRY","soybeans","SOYBEANS - YIELD, MEASURED IN BU / ACRE",62.3,1.869,4.193503111054
2018,"JEFFERSON","corn","CORN, GRAIN - YIELD, MEASURED IN BU / ACRE",198.8,5.5664,12.4894145090268
2018,"JEFFERSON","soybeans","SOYBEANS - YIELD, MEASURED IN BU / ACRE",62,1.86,4.17330967713239
2018,"KEOKUK","corn","CORN, GRAIN - YIELD, MEASURED IN BU / ACRE",203.7,5.7036,12.7972521905873
2018,"KEOKUK","soybeans","SOYBEANS - YIELD, MEASURED IN BU / ACRE",57.7,1.731,3.88387045758934
2018,"LEE","corn","CORN, GRAIN - YIELD, MEASURED IN BU / ACRE",201.3,5.6364,12.6464745506393
2018,"LEE","soybeans","SOYBEANS - YIELD, MEASURED IN BU / ACRE",64.7,1.941,4.35505058242687
2018,"LOUISA","corn","CORN, GRAIN - YIELD, MEASURED IN BU / ACRE",196.5,5.502,12.3449192707432
2018,"LOUISA","soybeans","SOYBEANS - YIELD, MEASURED IN BU / ACRE",58.1,1.743,3.91079503615149
2018,"MAHASKA","corn","CORN, GRAIN - YIELD, MEASURED IN BU / ACRE",207.7,5.8156,13.0485482571673
2018,"MAHASKA","soybeans","SOYBEANS - YIELD, MEASURED IN BU / ACRE",59.7,1.791,4.01849335040006
2018,"OTHER (COMBINED) COUNTIES","corn","CORN, GRAIN - YIELD, MEASURED IN BU / ACRE",176.9,4.9532,11.1135685445012
2018,"VAN BUREN","corn","CORN, GRAIN - YIELD, MEASURED IN BU / ACRE",180.9,5.0652,11.3648646110812
2018,"VAN BUREN","soybeans","SOYBEANS - YIELD, MEASURED IN BU / ACRE",54.2,1.626,3.64828039517058
2018,"WAPELLO","soybeans","SOYBEANS - YIELD, MEASURED IN BU / ACRE",60.2,1.806,4.05214907360274
2018,"WASHINGTON","corn","CORN, GRAIN - YIELD, MEASURED IN BU / ACRE",214.3,6.0004,13.4631867670243
2018,"WASHINGTON","soybeans","SOYBEANS - YIELD, MEASURED IN BU / ACRE",61.5,1.845,4.13965395392971
2018,"ADAIR","corn","CORN, GRAIN - YIELD, MEASURED IN BU / ACRE",149.5,4.186,9.39219048842806
2018,"ADAIR","soybeans","SOYBEANS - YIELD, MEASURED IN BU / ACRE",50.1,1.503,3.3723034649086
2018,"ADAMS","corn","CORN, GRAIN - YIELD, MEASURED IN BU / ACRE",171.6,4.8048,10.7806012562826
2018,"ADAMS","soybeans","SOYBEANS - YIELD, MEASURED IN BU / ACRE",53.2,1.596,3.58096894876522
2018,"CASS","corn","CORN, GRAIN - YIELD, MEASURED IN BU / ACRE",169.5,4.746,10.6486708213281
2018,"CASS","soybeans","SOYBEANS - YIELD, MEASURED IN BU / ACRE",52.6,1.578,3.540582080922
2018,"FREMONT","corn","CORN, GRAIN - YIELD, MEASURED IN BU / ACRE",195.1,5.4628,12.2569656474402
2018,"FREMONT","soybeans","SOYBEANS - YIELD, MEASURED IN BU / ACRE",50.6,1.518,3.40595918811128
2018,"MONTGOMERY","corn","CORN, GRAIN - YIELD, MEASURED IN BU / ACRE",191.5,5.362,12.0307991875182
2018,"MONTGOMERY","soybeans","SOYBEANS - YIELD, MEASURED IN BU / ACRE",51.8,1.554,3.48673292379771
2018,"OTHER (COMBINED) COUNTIES","corn","CORN, GRAIN - YIELD, MEASURED IN BU / ACRE",196.7,5.5076,12.3574840740722
2018,"OTHER (COMBINED) COUNTIES","soybeans","SOYBEANS - YIELD, MEASURED IN BU / ACRE",52.1,1.563,3.50692635771932
2018,"PAGE","corn","CORN, GRAIN - YIELD, MEASURED IN BU / ACRE",188.1,5.2668,11.8171975309252
2018,"PAGE","soybeans","SOYBEANS - YIELD, MEASURED IN BU / ACRE",50.5,1.515,3.39922804347074
2018,"TAYLOR","corn","CORN, GRAIN - YIELD, MEASURED IN BU / ACRE",154.4,4.3232,9.70002816998858
2018,"AUDUBON","corn","CORN, GRAIN - YIELD, MEASURED IN BU / ACRE",180,5.04,11.3083229961007
2018,"AUDUBON","soybeans","SOYBEANS - YIELD, MEASURED IN BU / ACRE",52.3,1.569,3.52038864700039
2018,"CALHOUN","corn","CORN, GRAIN - YIELD, MEASURED IN BU / ACRE",193.3,5.4124,12.1438824174792
2018,"CALHOUN","soybeans","SOYBEANS - YIELD, MEASURED IN BU / ACRE",53.1,1.593,3.57423780412468
2018,"CARROLL","corn","CORN, GRAIN - YIELD, MEASURED IN BU / ACRE",208.4,5.8352,13.0925250688188
2018,"CARROLL","soybeans","SOYBEANS - YIELD, MEASURED IN BU / ACRE",59,1.77,3.97137533791631
2018,"CRAWFORD","corn","CORN, GRAIN - YIELD, MEASURED IN BU / ACRE",214,5.992,13.4443395620308
2018,"CRAWFORD","soybeans","SOYBEANS - YIELD, MEASURED IN BU / ACRE",61.7,1.851,4.15311624321079
2018,"GREENE","corn","CORN, GRAIN - YIELD, MEASURED IN BU / ACRE",201.3,5.6364,12.6464745506393
2018,"GREENE","soybeans","SOYBEANS - YIELD, MEASURED IN BU / ACRE",55.5,1.665,3.73578527549755
2018,"GUTHRIE","corn","CORN, GRAIN - YIELD, MEASURED IN BU / ACRE",192.2,5.3816,12.0747759991697
2018,"GUTHRIE","soybeans","SOYBEANS - YIELD, MEASURED IN BU / ACRE",52,1.56,3.50019521307878
2018,"HARRISON","corn","CORN, GRAIN - YIELD, MEASURED IN BU / ACRE",176,4.928,11.0570269295207
2018,"HARRISON","soybeans","SOYBEANS - YIELD, MEASURED IN BU / ACRE",52.6,1.578,3.540582080922
2018,"IDA","corn","CORN, GRAIN - YIELD, MEASURED IN BU / ACRE",222.2,6.2216,13.9594964985198
2018,"IDA","soybeans","SOYBEANS - YIELD, MEASURED IN BU / ACRE",63.8,1.914,4.29447028066204
2018,"MONONA","corn","CORN, GRAIN - YIELD, MEASURED IN BU / ACRE",181.4,5.0792,11.3962766194037
2018,"MONONA","soybeans","SOYBEANS - YIELD, MEASURED IN BU / ACRE",55.3,1.659,3.72232298621647
2018,"SAC","corn","CORN, GRAIN - YIELD, MEASURED IN BU / ACRE",213.5,5.978,13.4129275537083
2018,"SAC","soybeans","SOYBEANS - YIELD, MEASURED IN BU / ACRE",60.7,1.821,4.08580479680542
2018,"SHELBY","corn","CORN, GRAIN - YIELD, MEASURED IN BU / ACRE",189.1,5.2948,11.8800215475702
2018,"SHELBY","soybeans","SOYBEANS - YIELD, MEASURED IN BU / ACRE",57.8,1.734,3.89060160222988
2018,"WOODBURY","corn","CORN, GRAIN - YIELD, MEASURED IN BU / ACRE",219.3,6.1404,13.7773068502493
2018,"WOODBURY","soybeans","SOYBEANS - YIELD, MEASURED IN BU / ACRE",59.5,1.785,4.00503106111899
2017,"BOONE","corn","CORN, GRAIN - YIELD, MEASURED IN BU / ACRE",192.4,5.3872,12.0873408024987
2017,"BOONE","soybeans","SOYBEANS - YIELD, MEASURED IN BU / ACRE",56.7,1.701,3.81655901118398
2017,"DALLAS","corn","CORN, GRAIN - YIELD, MEASURED IN BU / ACRE",187.2,5.2416,11.7606559159447
2017,"DALLAS","soybeans","SOYBEANS - YIELD, MEASURED IN BU / ACRE",54.6,1.638,3.67520497373272
2017,"GRUNDY","corn","CORN, GRAIN - YIELD, MEASURED IN BU / ACRE",217.3,6.0844,13.6516588169593
2017,"GRUNDY","soybeans","SOYBEANS - YIELD, MEASURED IN BU / ACRE",63.6,1.908,4.28100799138097
2017,"HAMILTON","corn","CORN, GRAIN - YIELD, MEASURED IN BU / ACRE",194.6,5.4488,12.2255536391177
2017,"HAMILTON","soybeans","SOYBEANS - YIELD, MEASURED IN BU / ACRE",57.2,1.716,3.85021473438666
2017,"HARDIN","corn","CORN, GRAIN - YIELD, MEASURED IN BU / ACRE",213.7,5.9836,13.4254923570373
2017,"HARDIN","soybeans","SOYBEANS - YIELD, MEASURED IN BU / ACRE",59.7,1.791,4.01849335040006
2017,"JASPER","corn","CORN, GRAIN - YIELD, MEASURED IN BU / ACRE",204.6,5.7288,12.8537938055678
2017,"JASPER","soybeans","SOYBEANS - YIELD, MEASURED IN BU / ACRE",60.5,1.815,4.07234250752435
2017,"MARSHALL","corn","CORN, GRAIN - YIELD, MEASURED IN BU / ACRE",222.4,6.2272,13.9720613018488
2017,"MARSHALL","soybeans","SOYBEANS - YIELD, MEASURED IN BU / ACRE",63.5,1.905,4.27427684674044
2017,"POLK","corn","CORN, GRAIN - YIELD, MEASURED IN BU / ACRE",200.3,5.6084,12.5836505339943
2017,"POLK","soybeans","SOYBEANS - YIELD, MEASURED IN BU / ACRE",57.1,1.713,3.84348358974612
2017,"POWESHIEK","corn","CORN, GRAIN - YIELD, MEASURED IN BU / ACRE",215.1,6.0228,13.5134459803403
2017,"POWESHIEK","soybeans","SOYBEANS - YIELD, MEASURED IN BU / ACRE",56.6,1.698,3.80982786654344
2017,"STORY","corn","CORN, GRAIN - YIELD, MEASURED IN BU / ACRE",200.3,5.6084,12.5836505339943
2017,"STORY","soybeans","SOYBEANS - YIELD, MEASURED IN BU / ACRE",57.9,1.737,3.89733274687041
2017,"TAMA","corn","CORN, GRAIN - YIELD, MEASURED IN BU / ACRE",220.6,6.1768,13.8589780718878
2017,"TAMA","soybeans","SOYBEANS - YIELD, MEASURED IN BU / ACRE",59.5,1.785,4.00503106111899
2017,"WEBSTER","corn","CORN, GRAIN - YIELD, MEASURED IN BU / ACRE",197.9,5.5412,12.4328728940462
2017,"WEBSTER","soybeans","SOYBEANS - YIELD, MEASURED IN BU / ACRE",57.9,1.737,3.89733274687041
2017,"BENTON","corn","CORN, GRAIN - YIELD, MEASURED IN BU / ACRE",215.3,6.0284,13.5260107836693
2017,"BENTON","soybeans","SOYBEANS - YIELD, MEASURED IN BU / ACRE",57.6,1.728,3.8771393129488
2017,"CEDAR","corn","CORN, GRAIN - YIELD, MEASURED IN BU / ACRE",222.3,6.2244,13.9657789001843
2017,"CEDAR","soybeans","SOYBEANS - YIELD, MEASURED IN BU / ACRE",59.6,1.788,4.01176220575953
2017,"CLINTON","corn","CORN, GRAIN - YIELD, MEASURED IN BU / ACRE",213.3,5.9724,13.4003627503793
2017,"CLINTON","soybeans","SOYBEANS - YIELD, MEASURED IN BU / ACRE",59.7,1.791,4.01849335040006
2017,"IOWA","corn","CORN, GRAIN - YIELD, MEASURED IN BU / ACRE",216.7,6.0676,13.6139644069723
2017,"IOWA","soybeans","SOYBEANS - YIELD, MEASURED IN BU / ACRE",56.7,1.701,3.81655901118398
2017,"JACKSON","corn","CORN, GRAIN - YIELD, MEASURED IN BU / ACRE",202.1,5.6588,12.6967337639553
2017,"JACKSON","soybeans","SOYBEANS - YIELD, MEASURED IN BU / ACRE",59.2,1.776,3.98483762719738
2017,"JOHNSON","corn","CORN, GRAIN - YIELD, MEASURED IN BU / ACRE",213.1,5.9668,13.3877979470503
2017,"JOHNSON","soybeans","SOYBEANS - YIELD, MEASURED IN BU / ACRE",56.4,1.692,3.79636557726237
2017,"JONES","corn","CORN, GRAIN - YIELD, MEASURED IN BU / ACRE",217,6.076,13.6328116119658
2017,"JONES","soybeans","SOYBEANS - YIELD, MEASURED IN BU / ACRE",54.9,1.647,3.69539840765433
2017,"LINN","corn","CORN, GRAIN - YIELD, MEASURED IN BU / ACRE",217.4,6.0872,13.6579412186238
2017,"LINN","soybeans","SOYBEANS - YIELD, MEASURED IN BU / ACRE",56,1.68,3.76944099870023
2017,"MUSCATINE","corn","CORN, GRAIN - YIELD, MEASURED IN BU / ACRE",206.8,5.7904,12.9920066421868
2017,"MUSCATINE","soybeans","SOYBEANS - YIELD, MEASURED IN BU / ACRE",60.3,1.809,4.05888021824328
2017,"SCOTT","corn","CORN, GRAIN - YIELD, MEASURED IN BU / ACRE",220,6.16,13.8212836619008
2017,"SCOTT","soybeans","SOYBEANS - YIELD, MEASURED IN BU / ACRE",63.4,1.902,4.2675457020999
2017,"BUTLER","corn","CORN, GRAIN - YIELD, MEASURED IN BU / ACRE",211.4,5.9192,13.2809971187538
2017,"BUTLER","soybeans","SOYBEANS - YIELD, MEASURED IN BU / ACRE",55.9,1.677,3.76270985405969
2017,"CERRO GORDO","corn","CORN, GRAIN - YIELD, MEASURED IN BU / ACRE",208.9,5.8492,13.1239370771413
2017,"CERRO GORDO","soybeans","SOYBEANS - YIELD, MEASURED IN BU / ACRE",55.2,1.656,3.71559184157594
2017,"FLOYD","corn","CORN, GRAIN - YIELD, MEASURED IN BU / ACRE",203.4,5.6952,12.7784049855938
2017,"FLOYD","soybeans","SOYBEANS - YIELD, MEASURED IN BU / ACRE",54.1,1.623,3.64154925053004
2017,"FRANKLIN","corn","CORN, GRAIN - YIELD, MEASURED IN BU / ACRE",206.1,5.7708,12.9480298305353
2017,"FRANKLIN","soybeans","SOYBEANS - YIELD, MEASURED IN BU / ACRE",57,1.71,3.83675244510559
2017,"HANCOCK","corn","CORN, GRAIN - YIELD, MEASURED IN BU / ACRE",200.2,5.6056,12.5773681323298
2017,"HANCOCK","soybeans","SOYBEANS - YIELD, MEASURED IN BU / ACRE",57.4,1.722,3.86367702366773
2017,"HUMBOLDT","corn","CORN, GRAIN - YIELD, MEASURED IN BU / ACRE",200.9,5.6252,12.6213449439813
2017,"HUMBOLDT","soybeans","SOYBEANS - YIELD, MEASURED IN BU / ACRE",58,1.74,3.90406389151095
2017,"KOSSUTH","corn","CORN, GRAIN - YIELD, MEASURED IN BU / ACRE",205.6,5.7568,12.9166178222128
2017,"KOSSUTH","soybeans","SOYBEANS - YIELD, MEASURED IN BU / ACRE",60.4,1.812,4.06561136288382
2017,"MITCHELL","corn","CORN, GRAIN - YIELD, MEASURED IN BU / ACRE",213.4,5.9752,13.4066451520438
2017,"MITCHELL","soybeans","SOYBEANS - YIELD, MEASURED IN BU / ACRE",54.4,1.632,3.66174268445165
2017,"WINNEBAGO","corn","CORN, GRAIN - YIELD, MEASURED IN BU / ACRE",210.7,5.8996,13.2370203071023
2017,"WINNEBAGO","soybeans","SOYBEANS - YIELD, MEASURED IN BU / ACRE",59.9,1.797,4.03195563968114
2017,"WORTH","corn","CORN, GRAIN - YIELD, MEASURED IN BU / ACRE",198.5,5.558,12.4705673040333
2017,"WORTH","soybeans","SOYBEANS - YIELD, MEASURED IN BU / ACRE",54.8,1.644,3.68866726301379
2017,"WRIGHT","corn","CORN, GRAIN - YIELD, MEASURED IN BU / ACRE",206.9,5.7932,12.9982890438513
2017,"WRIGHT","soybeans","SOYBEANS - YIELD, MEASURED IN BU / ACRE",57.9,1.737,3.89733274687041
2017,"ALLAMAKEE","corn","CORN, GRAIN - YIELD, MEASURED IN BU / ACRE",190.5,5.334,11.9679751708732
2017,"ALLAMAKEE","soybeans","SOYBEANS - YIELD, MEASURED IN BU / ACRE",52.6,1.578,3.540582080922
2017,"BLACK HAWK","corn","CORN, GRAIN - YIELD, MEASURED IN BU / ACRE",209.2,5.8576,13.1427842821348
2017,"BLACK HAWK","soybeans","SOYBEANS - YIELD, MEASURED IN BU / ACRE",59.5,1.785,4.00503106111899
2017,"BREMER","corn","CORN, GRAIN - YIELD, MEASURED IN BU / ACRE",212.7,5.9556,13.3626683403923
2017,"BREMER","soybeans","SOYBEANS - YIELD, MEASURED IN BU / ACRE",56.8,1.704,3.82329015582452
2017,"BUCHANAN","corn","CORN, GRAIN - YIELD, MEASURED IN BU / ACRE",221.3,6.1964,13.9029548835393
2017,"BUCHANAN","soybeans","SOYBEANS - YIELD, MEASURED IN BU / ACRE",55.9,1.677,3.76270985405969
2017,"CHICKASAW","corn","CORN, GRAIN - YIELD, MEASURED IN BU / ACRE",194.4,5.4432,12.2129888357887
2017,"CHICKASAW","soybeans","SOYBEANS - YIELD, MEASURED IN BU / ACRE",50.4,1.512,3.3924968988302
2017,"CLAYTON","corn","CORN, GRAIN - YIELD, MEASURED IN BU / ACRE",213.6,5.9808,13.4192099553728
2017,"CLAYTON","soybeans","SOYBEANS - YIELD, MEASURED IN BU / ACRE",59,1.77,3.97137533791631
2017,"DELAWARE","corn","CORN, GRAIN - YIELD, MEASURED IN BU / ACRE",218,6.104,13.6956356286108
2017,"DELAWARE","soybeans","SOYBEANS - YIELD, MEASURED IN BU / ACRE",63,1.89,4.24062112353776
2017,"DUBUQUE","corn","CORN, GRAIN - YIELD, MEASURED IN BU / ACRE",215.1,6.0228,13.5134459803403
2017,"DUBUQUE","soybeans","SOYBEANS - YIELD, MEASURED IN BU / ACRE",59.6,1.788,4.01176220575953
2017,"FAYETTE","corn","CORN, GRAIN - YIELD, MEASURED IN BU / ACRE",207.6,5.8128,13.0422658555028
2017,"FAYETTE","soybeans","SOYBEANS - YIELD, MEASURED IN BU / ACRE",56.3,1.689,3.78963443262184
2017,"HOWARD","corn","CORN, GRAIN - YIELD, MEASURED IN BU / ACRE",201.7,5.6476,12.6716041572973
2017,"HOWARD","soybeans","SOYBEANS - YIELD, MEASURED IN BU / ACRE",51.6,1.548,3.47327063451664
2017,"WINNESHIEK","corn","CORN, GRAIN - YIELD, MEASURED IN BU / ACRE",199.7,5.5916,12.5459561240073
2017,"WINNESHIEK","soybeans","SOYBEANS - YIELD, MEASURED IN BU / ACRE",54.6,1.638,3.67520497373272
2017,"BUENA VISTA","corn","CORN, GRAIN - YIELD, MEASURED IN BU / ACRE",187.9,5.2612,11.8046327275962
2017,"BUENA VISTA","soybeans","SOYBEANS - YIELD, MEASURED IN BU / ACRE",56.5,1.695,3.80309672190291
2017,"CHEROKEE","corn","CORN, GRAIN - YIELD, MEASURED IN BU / ACRE",203.7,5.7036,12.7972521905873
2017,"CHEROKEE","soybeans","SOYBEANS - YIELD, MEASURED IN BU / ACRE",62.4,1.872,4.20023425569454
2017,"CLAY","corn","CORN, GRAIN - YIELD, MEASURED IN BU / ACRE",197.3,5.5244,12.3951784840592
2017,"CLAY","soybeans","SOYBEANS - YIELD, MEASURED IN BU / ACRE",57.6,1.728,3.8771393129488
2017,"DICKINSON","corn","CORN, GRAIN - YIELD, MEASURED IN BU / ACRE",196.2,5.4936,12.3260720657497
2017,"DICKINSON","soybeans","SOYBEANS - YIELD, MEASURED IN BU / ACRE",57.7,1.731,3.88387045758934
2017,"EMMET","corn","CORN, GRAIN - YIELD, MEASURED IN BU / ACRE",210.1,5.8828,13.1993258971153
2017,"EMMET","soybeans","SOYBEANS - YIELD, MEASURED IN BU / ACRE",58.9,1.767,3.96464419327577
2017,"LYON","corn","CORN, GRAIN - YIELD, MEASURED IN BU / ACRE",218.9,6.1292,13.7521772435913
2017,"LYON","soybeans","SOYBEANS - YIELD, MEASURED IN BU / ACRE",63.8,1.914,4.29447028066204
2017,"O BRIEN","corn","CORN, GRAIN - YIELD, MEASURED IN BU / ACRE",213.8,5.9864,13.4317747587018
2017,"O BRIEN","soybeans","SOYBEANS - YIELD, MEASURED IN BU / ACRE",62.3,1.869,4.193503111054
2017,"OSCEOLA","corn","CORN, GRAIN - YIELD, MEASURED IN BU / ACRE",211.6,5.9248,13.2935619220828
2017,"OSCEOLA","soybeans","SOYBEANS - YIELD, MEASURED IN BU / ACRE",59.7,1.791,4.01849335040006
2017,"PALO ALTO","corn","CORN, GRAIN - YIELD, MEASURED IN BU / ACRE",195.4,5.4712,12.2758128524337
2017,"PALO ALTO","soybeans","SOYBEANS - YIELD, MEASURED IN BU / ACRE",57.8,1.734,3.89060160222988
2017,"PLYMOUTH","corn","CORN, GRAIN - YIELD, MEASURED IN BU / ACRE",193,5.404,12.1250352124857
2017,"PLYMOUTH","soybeans","SOYBEANS - YIELD, MEASURED IN BU / ACRE",59.6,1.788,4.01176220575953
2017,"POCAHONTAS","corn","CORN, GRAIN - YIELD, MEASURED IN BU / ACRE",190.9,5.3452,11.9931047775312
2017,"POCAHONTAS","soybeans","SOYBEANS - YIELD, MEASURED IN BU / ACRE",58.2,1.746,3.91752618079202
2017,"SIOUX","corn","CORN, GRAIN - YIELD, MEASURED IN BU / ACRE",220.7,6.1796,13.8652604735523
2017,"SIOUX","soybeans","SOYBEANS - YIELD, MEASURED IN BU / ACRE",65.2,1.956,4.38870630562955
2017,"APPANOOSE","corn","CORN, GRAIN - YIELD, MEASURED IN BU / ACRE",170,4.76,10.6800828296506
2017,"APPANOOSE","soybeans","SOYBEANS - YIELD, MEASURED IN BU / ACRE",50.7,1.521,3.41269033275181
2017,"LUCAS","soybeans","SOYBEANS - YIELD, MEASURED IN BU / ACRE",41.4,1.242,2.78669388118195
2017,"MADISON","corn","CORN, GRAIN - YIELD, MEASURED IN BU / ACRE",173.1,4.8468,10.8748372812502
2017,"MADISON","soybeans","SOYBEANS - YIELD, MEASURED IN BU / ACRE",52.5,1.575,3.53385093628146
2017,"MARION","corn","CORN, GRAIN - YIELD, MEASURED IN BU / ACRE",185.7,5.1996,11.6664198909772
2017,"MARION","soybeans","SOYBEANS - YIELD, MEASURED IN BU / ACRE",52.9,1.587,3.56077551484361
2017,"MONROE","corn","CORN, GRAIN - YIELD, MEASURED IN BU / ACRE",169.9,4.7572,10.6738004279861
2017,"MONROE","soybeans","SOYBEANS - YIELD, MEASURED IN BU / ACRE",51,1.53,3.43288376667342
2017,"OTHER (COMBINED) COUNTIES","corn","CORN, GRAIN - YIELD, MEASURED IN BU / ACRE",129.7,3.6316,8.14827495885699
2017,"OTHER (COMBINED) COUNTIES","soybeans","SOYBEANS - YIELD, MEASURED IN BU / ACRE",45,1.35,3.02901508824125
2017,"RINGGOLD","corn","CORN, GRAIN - YIELD, MEASURED IN BU / ACRE",167.8,4.6984,10.5418699930316
2017,"RINGGOLD","soybeans","SOYBEANS - YIELD, MEASURED IN BU / ACRE",48.8,1.464,3.28479858458163
2017,"UNION","corn","CORN, GRAIN - YIELD, MEASURED IN BU / ACRE",147.9,4.1412,9.29167206179606
2017,"UNION","soybeans","SOYBEANS - YIELD, MEASURED IN BU / ACRE",44.5,1.335,2.99535936503857
2017,"WARREN","corn","CORN, GRAIN - YIELD, MEASURED IN BU / ACRE",183.2,5.1296,11.5093598493647
2017,"WARREN","soybeans","SOYBEANS - YIELD, MEASURED IN BU / ACRE",49.9,1.497,3.35884117562752
2017,"DAVIS","corn","CORN, GRAIN - YIELD, MEASURED IN BU / ACRE",107.3,3.0044,6.74101698600891
2017,"DAVIS","soybeans","SOYBEANS - YIELD, MEASURED IN BU / ACRE",37.6,1.128,2.53091038484158
2017,"DES MOINES","corn","CORN, GRAIN - YIELD, MEASURED IN BU / ACRE",200.1,5.6028,12.5710857306653
2017,"DES MOINES","soybeans","SOYBEANS - YIELD, MEASURED IN BU / ACRE",59.6,1.788,4.01176220575953
2017,"HENRY","corn","CORN, GRAIN - YIELD, MEASURED IN BU / ACRE",196.4,5.4992,12.3386368690787
2017,"HENRY","soybeans","SOYBEANS - YIELD, MEASURED IN BU / ACRE",60.5,1.815,4.07234250752435
2017,"JEFFERSON","corn","CORN, GRAIN - YIELD, MEASURED IN BU / ACRE",165.5,4.634,10.3973747547481
2017,"JEFFERSON","soybeans","SOYBEANS - YIELD, MEASURED IN BU / ACRE",46.1,1.383,3.10305767928715
2017,"KEOKUK","corn","CORN, GRAIN - YIELD, MEASURED IN BU / ACRE",176.4,4.9392,11.0821565361787
2017,"KEOKUK","soybeans","SOYBEANS - YIELD, MEASURED IN BU / ACRE",51.6,1.548,3.47327063451664
2017,"LEE","corn","CORN, GRAIN - YIELD, MEASURED IN BU / ACRE",178,4.984,11.1826749628107
2017,"LEE","soybeans","SOYBEANS - YIELD, MEASURED IN BU / ACRE",53.5,1.605,3.60116238268682
2017,"LOUISA","corn","CORN, GRAIN - YIELD, MEASURED IN BU / ACRE",216.6,6.0648,13.6076820053078
2017,"LOUISA","soybeans","SOYBEANS - YIELD, MEASURED IN BU / ACRE",59,1.77,3.97137533791631
2017,"MAHASKA","corn","CORN, GRAIN - YIELD, MEASURED IN BU / ACRE",177.2,4.9616,11.1324157494947
2017,"MAHASKA","soybeans","SOYBEANS - YIELD, MEASURED IN BU / ACRE",54.4,1.632,3.66174268445165
2017,"VAN BUREN","corn","CORN, GRAIN - YIELD, MEASURED IN BU / ACRE",128.2,3.5896,8.05403893388948
2017,"VAN BUREN","soybeans","SOYBEANS - YIELD, MEASURED IN BU / ACRE",36.6,1.098,2.46359893843622
2017,"WAPELLO","corn","CORN, GRAIN - YIELD, MEASURED IN BU / ACRE",153,4.284,9.61207454668558
2017,"WAPELLO","soybeans","SOYBEANS - YIELD, MEASURED IN BU / ACRE",45,1.35,3.02901508824125
2017,"WASHINGTON","corn","CORN, GRAIN - YIELD, MEASURED IN BU / ACRE",220.4,6.1712,13.8464132685588
2017,"WASHINGTON","soybeans","SOYBEANS - YIELD, MEASURED IN BU / ACRE",61.7,1.851,4.15311624321079
2017,"ADAIR","corn","CORN, GRAIN - YIELD, MEASURED IN BU / ACRE",175.2,4.9056,11.0067677162047
2017,"ADAIR","soybeans","SOYBEANS - YIELD, MEASURED IN BU / ACRE",50.5,1.515,3.39922804347074
2017,"ADAMS","corn","CORN, GRAIN - YIELD, MEASURED IN BU / ACRE",179.9,5.0372,11.3020405944362
2017,"ADAMS","soybeans","SOYBEANS - YIELD, MEASURED IN BU / ACRE",52.6,1.578,3.540582080922
2017,"CASS","corn","CORN, GRAIN - YIELD, MEASURED IN BU / ACRE",197.4,5.5272,12.4014608857237
2017,"CASS","soybeans","SOYBEANS - YIELD, MEASURED IN BU / ACRE",56.9,1.707,3.83002130046505
2017,"FREMONT","corn","CORN, GRAIN - YIELD, MEASURED IN BU / ACRE",204.5,5.726,12.8475114039033
2017,"FREMONT","soybeans","SOYBEANS - YIELD, MEASURED IN BU / ACRE",60.1,1.803,4.04541792896221
2017,"MILLS","corn","CORN, GRAIN - YIELD, MEASURED IN BU / ACRE",190.1,5.3228,11.9428455642152
2017,"MILLS","soybeans","SOYBEANS - YIELD, MEASURED IN BU / ACRE",55.7,1.671,3.74924756477862
2017,"MONTGOMERY","corn","CORN, GRAIN - YIELD, MEASURED IN BU / ACRE",199.1,5.5748,12.5082617140203
2017,"MONTGOMERY","soybeans","SOYBEANS - YIELD, MEASURED IN BU / ACRE",56.2,1.686,3.7829032879813
2017,"PAGE","corn","CORN, GRAIN - YIELD, MEASURED IN BU / ACRE",193.1,5.4068,12.1313176141502
2017,"PAGE","soybeans","SOYBEANS - YIELD, MEASURED IN BU / ACRE",55.4,1.662,3.72905413085701
2017,"POTTAWATTAMIE","corn","CORN, GRAIN - YIELD, MEASURED IN BU / ACRE",195.8,5.4824,12.3009424590917
2017,"POTTAWATTAMIE","soybeans","SOYBEANS - YIELD, MEASURED IN BU / ACRE",57,1.71,3.83675244510559
2017,"TAYLOR","corn","CORN, GRAIN - YIELD, MEASURED IN BU / ACRE",175,4.9,10.9942029128757
2017,"TAYLOR","soybeans","SOYBEANS - YIELD, MEASURED IN BU / ACRE",52.8,1.584,3.55404437020307
2017,"AUDUBON","corn","CORN, GRAIN - YIELD, MEASURED IN BU / ACRE",211.2,5.9136,13.2684323154248
2017,"AUDUBON","soybeans","SOYBEANS - YIELD, MEASURED IN BU / ACRE",57.2,1.716,3.85021473438666
2017,"CALHOUN","corn","CORN, GRAIN - YIELD, MEASURED IN BU / ACRE",195.1,5.4628,12.2569656474402
2017,"CALHOUN","soybeans","SOYBEANS - YIELD, MEASURED IN BU / ACRE",57.5,1.725,3.87040816830827
2017,"CARROLL","corn","CORN, GRAIN - YIELD, MEASURED IN BU / ACRE",211.3,5.9164,13.2747147170893
2017,"CARROLL","soybeans","SOYBEANS - YIELD, MEASURED IN BU / ACRE",60.4,1.812,4.06561136288382
2017,"CRAWFORD","corn","CORN, GRAIN - YIELD, MEASURED IN BU / ACRE",221.9,6.2132,13.9406492935263
2017,"CRAWFORD","soybeans","SOYBEANS - YIELD, MEASURED IN BU / ACRE",61.3,1.839,4.12619166464864
2017,"GREENE","corn","CORN, GRAIN - YIELD, MEASURED IN BU / ACRE",202.2,5.6616,12.7030161656198
2017,"GREENE","soybeans","SOYBEANS - YIELD, MEASURED IN BU / ACRE",56.7,1.701,3.81655901118398
2017,"GUTHRIE","corn","CORN, GRAIN - YIELD, MEASURED IN BU / ACRE",197.6,5.5328,12.4140256890527
2017,"GUTHRIE","soybeans","SOYBEANS - YIELD, MEASURED IN BU / ACRE",59.2,1.776,3.98483762719738
2017,"HARRISON","corn","CORN, GRAIN - YIELD, MEASURED IN BU / ACRE",193.2,5.4096,12.1376000158147
2017,"HARRISON","soybeans","SOYBEANS - YIELD, MEASURED IN BU / ACRE",53.7,1.611,3.6146246719679
2017,"IDA","corn","CORN, GRAIN - YIELD, MEASURED IN BU / ACRE",215.7,6.0396,13.5511403903273
2017,"IDA","soybeans","SOYBEANS - YIELD, MEASURED IN BU / ACRE",62.1,1.863,4.18004082177293
2017,"MONONA","corn","CORN, GRAIN - YIELD, MEASURED IN BU / ACRE",196,5.488,12.3135072624207
2017,"MONONA","soybeans","SOYBEANS - YIELD, MEASURED IN BU / ACRE",57.1,1.713,3.84348358974612
2017,"SAC","corn","CORN, GRAIN - YIELD, MEASURED IN BU / ACRE",194.5,5.446,12.2192712374532
2017,"SAC","soybeans","SOYBEANS - YIELD, MEASURED IN BU / ACRE",57.8,1.734,3.89060160222988
2017,"SHELBY","corn","CORN, GRAIN - YIELD, MEASURED IN BU / ACRE",207.1,5.7988,13.0108538471803
2017,"SHELBY","soybeans","SOYBEANS - YIELD, MEASURED IN BU / ACRE",58.2,1.746,3.91752618079202
2017,"WOODBURY","corn","CORN, GRAIN - YIELD, MEASURED IN BU / ACRE",200.5,5.614,12.5962153373233
2017,"WOODBURY","soybeans","SOYBEANS - YIELD, MEASURED IN BU / ACRE",58.1,1.743,3.91079503615149
2020,"OTHER COUNTIES","oats","OATS - YIELD, MEASURED IN BU / ACRE",82.7,1.3232,2.96495989483204
2020,"BOONE","oats","OATS - YIELD, MEASURED IN BU / ACRE",113,1.808,4.05127530974632
2020,"HAMILTON","oats","OATS - YIELD, MEASURED IN BU / ACRE",117.6,1.8816,4.2161944816475
2020,"HARDIN","oats","OATS - YIELD, MEASURED IN BU / ACRE",67.2,1.0752,2.40925398951286
2020,"BENTON","oats","OATS - YIELD, MEASURED IN BU / ACRE",79.2,1.2672,2.83947791621158
2020,"CLINTON","oats","OATS - YIELD, MEASURED IN BU / ACRE",72,1.152,2.58134356019235
2020,"IOWA","oats","OATS - YIELD, MEASURED IN BU / ACRE",69.4,1.1104,2.48812837607429
2020,"JACKSON","oats","OATS - YIELD, MEASURED IN BU / ACRE",61.7,0.9872,2.21206802310927
2020,"JOHNSON","oats","OATS - YIELD, MEASURED IN BU / ACRE",82.2,1.3152,2.94703389788626
2020,"JONES","oats","OATS - YIELD, MEASURED IN BU / ACRE",68,1.088,2.43793558462611
2020,"LINN","oats","OATS - YIELD, MEASURED IN BU / ACRE",78.3,1.2528,2.80721112170918
2020,"BUTLER","oats","OATS - YIELD, MEASURED IN BU / ACRE",70.5,1.128,2.52756556935501
2020,"MITCHELL","oats","OATS - YIELD, MEASURED IN BU / ACRE",89.6,1.4336,3.21233865268381
2020,"WINNEBAGO","oats","OATS - YIELD, MEASURED IN BU / ACRE",72.5,1.16,2.59926955713813
2020,"WORTH","oats","OATS - YIELD, MEASURED IN BU / ACRE",84.3,1.3488,3.02232308505854
2020,"ALLAMAKEE","oats","OATS - YIELD, MEASURED IN BU / ACRE",62.4,0.9984,2.23716441883337
2020,"BLACK HAWK","oats","OATS - YIELD, MEASURED IN BU / ACRE",77.3,1.2368,2.77135912781762
2020,"BREMER","oats","OATS - YIELD, MEASURED IN BU / ACRE",90.1,1.4416,3.23026464962959
2020,"BUCHANAN","oats","OATS - YIELD, MEASURED IN BU / ACRE",72.6,1.1616,2.60285475652728
2020,"CHICKASAW","oats","OATS - YIELD, MEASURED IN BU / ACRE",76.2,1.2192,2.7319219345369
2020,"CLAYTON","oats","OATS - YIELD, MEASURED IN BU / ACRE",64.2,1.0272,2.30169800783818
2020,"DELAWARE","oats","OATS - YIELD, MEASURED IN BU / ACRE",81.8,1.3088,2.93269310032964
2020,"DUBUQUE","oats","OATS - YIELD, MEASURED IN BU / ACRE",59.5,0.952,2.13319363654784
2020,"FAYETTE","oats","OATS - YIELD, MEASURED IN BU / ACRE",70,1.12,2.50963957240923
2020,"HOWARD","oats","OATS - YIELD, MEASURED IN BU / ACRE",77.5,1.24,2.77852952659593
2020,"WINNESHIEK","oats","OATS - YIELD, MEASURED IN BU / ACRE",62.5,1,2.24074961822252
2020,"LYON","oats","OATS - YIELD, MEASURED IN BU / ACRE",79.9,1.2784,2.86457431193567
2020,"O BRIEN","oats","OATS - YIELD, MEASURED IN BU / ACRE",80,1.28,2.86815951132483
2020,"PLYMOUTH","oats","OATS - YIELD, MEASURED IN BU / ACRE",94.4,1.5104,3.3844282233633
2020,"SIOUX","oats","OATS - YIELD, MEASURED IN BU / ACRE",105.9,1.6944,3.79672615311624
2020,"MONROE","oats","OATS - YIELD, MEASURED IN BU / ACRE",73.8,1.1808,2.64587714919716
2020,"DAVIS","oats","OATS - YIELD, MEASURED IN BU / ACRE",67.9,1.0864,2.43435038523695
2020,"VAN BUREN","oats","OATS - YIELD, MEASURED IN BU / ACRE",62.7,1.0032,2.24792001700084
2020,"WASHINGTON","oats","OATS - YIELD, MEASURED IN BU / ACRE",80.8,1.2928,2.89684110643808
2020,"AUDUBON","oats","OATS - YIELD, MEASURED IN BU / ACRE",74.7,1.1952,2.67814394369956
2020,"GREENE","oats","OATS - YIELD, MEASURED IN BU / ACRE",82.7,1.3232,2.96495989483204
2020,"SHELBY","oats","OATS - YIELD, MEASURED IN BU / ACRE",98.4,1.5744,3.52783619892954
2019,"JASPER","oats","OATS - YIELD, MEASURED IN BU / ACRE",61.1,0.9776,2.19055682677434
2019,"OTHER (COMBINED) COUNTIES","oats","OATS - YIELD, MEASURED IN BU / ACRE",62.6,1.0016,2.24433481761168
2019,"BENTON","oats","OATS - YIELD, MEASURED IN BU / ACRE",65.2,1.0432,2.33755000172974
2019,"CLINTON","oats","OATS - YIELD, MEASURED IN BU / ACRE",64.4,1.0304,2.30886840661649
2019,"JOHNSON","oats","OATS - YIELD, MEASURED IN BU / ACRE",54.2,0.8672,1.94317806892257
2019,"JONES","oats","OATS - YIELD, MEASURED IN BU / ACRE",64.3,1.0288,2.30528320722733
2019,"LINN","oats","OATS - YIELD, MEASURED IN BU / ACRE",66.1,1.0576,2.36981679623214
2019,"OTHER (COMBINED) COUNTIES","oats","OATS - YIELD, MEASURED IN BU / ACRE",59.3,0.9488,2.12602323776953
2019,"KOSSUTH","oats","OATS - YIELD, MEASURED IN BU / ACRE",52.1,0.8336,1.8678888817503
2019,"OTHER (COMBINED) COUNTIES","oats","OATS - YIELD, MEASURED IN BU / ACRE",53.2,0.8512,1.90732607503101
2019,"ALLAMAKEE","oats","OATS - YIELD, MEASURED IN BU / ACRE",60.2,0.9632,2.15829003227193
2019,"BREMER","oats","OATS - YIELD, MEASURED IN BU / ACRE",77,1.232,2.76060352965015
2019,"BUCHANAN","oats","OATS - YIELD, MEASURED IN BU / ACRE",61.2,0.9792,2.19414202616349
2019,"CHICKASAW","oats","OATS - YIELD, MEASURED IN BU / ACRE",60.5,0.968,2.1690456304394
2019,"CLAYTON","oats","OATS - YIELD, MEASURED IN BU / ACRE",60.3,0.9648,2.16187523166109
2019,"DUBUQUE","oats","OATS - YIELD, MEASURED IN BU / ACRE",64.2,1.0272,2.30169800783818
2019,"FAYETTE","oats","OATS - YIELD, MEASURED IN BU / ACRE",64.8,1.0368,2.32320920417311
2019,"OTHER (COMBINED) COUNTIES","oats","OATS - YIELD, MEASURED IN BU / ACRE",70.1,1.1216,2.51322477179838
2019,"WINNESHIEK","oats","OATS - YIELD, MEASURED IN BU / ACRE",59.9,0.9584,2.14753443410447
2019,"LYON","oats","OATS - YIELD, MEASURED IN BU / ACRE",69.2,1.1072,2.48095797729598
2019,"O BRIEN","oats","OATS - YIELD, MEASURED IN BU / ACRE",59.7,0.9552,2.14036403532615
2019,"OSCEOLA","oats","OATS - YIELD, MEASURED IN BU / ACRE",48,0.768,1.7208957067949
2019,"OTHER (COMBINED) COUNTIES","oats","OATS - YIELD, MEASURED IN BU / ACRE",84.3,1.3488,3.02232308505854
2019,"PLYMOUTH","oats","OATS - YIELD, MEASURED IN BU / ACRE",71.2,1.1392,2.5526619650791
2019,"SIOUX","oats","OATS - YIELD, MEASURED IN BU / ACRE",71.2,1.1392,2.5526619650791
2019,"OTHER (COMBINED) COUNTIES","oats","OATS - YIELD, MEASURED IN BU / ACRE",39.6,0.6336,1.41973895810579
2019,"VAN BUREN","oats","OATS - YIELD, MEASURED IN BU / ACRE",42.3,0.6768,1.516539341613
2019,"GREENE","oats","OATS - YIELD, MEASURED IN BU / ACRE",47.9,0.7664,1.71731050740574
2019,"GUTHRIE","oats","OATS - YIELD, MEASURED IN BU / ACRE",58.6,0.9376,2.10092684204544
2019,"OTHER (COMBINED) COUNTIES","oats","OATS - YIELD, MEASURED IN BU / ACRE",66.4,1.0624,2.38057239439961
2019,"SHELBY","oats","OATS - YIELD, MEASURED IN BU / ACRE",74.6,1.1936,2.6745587443104
2019,"WOODBURY","oats","OATS - YIELD, MEASURED IN BU / ACRE",82,1.312,2.93986349910795
2018,"BOONE","oats","OATS - YIELD, MEASURED IN BU / ACRE",57.9,0.9264,2.07583044632135
2018,"HARDIN","oats","OATS - YIELD, MEASURED IN BU / ACRE",70,1.12,2.50963957240923
2018,"JASPER","oats","OATS - YIELD, MEASURED IN BU / ACRE",54.5,0.872,1.95393366709004
2018,"OTHER (COMBINED) COUNTIES","oats","OATS - YIELD, MEASURED IN BU / ACRE",69.6,1.1136,2.4952987748526
2018,"POWESHIEK","oats","OATS - YIELD, MEASURED IN BU / ACRE",59.7,0.9552,2.14036403532615
2018,"STORY","oats","OATS - YIELD, MEASURED IN BU / ACRE",55,0.88,1.97185966403582
2018,"TAMA","oats","OATS - YIELD, MEASURED IN BU / ACRE",50.7,0.8112,1.81769609030211
2018,"BENTON","oats","OATS - YIELD, MEASURED IN BU / ACRE",65.5,1.048,2.3483055998972
2018,"CEDAR","oats","OATS - YIELD, MEASURED IN BU / ACRE",60.7,0.9712,2.17621602921771
2018,"IOWA","oats","OATS - YIELD, MEASURED IN BU / ACRE",76.6,1.2256,2.74626273209352
2018,"JACKSON","oats","OATS - YIELD, MEASURED IN BU / ACRE",52.5,0.84,1.88222967930692
2018,"LINN","oats","OATS - YIELD, MEASURED IN BU / ACRE",55.1,0.8816,1.97544486342498
2018,"OTHER (COMBINED) COUNTIES","oats","OATS - YIELD, MEASURED IN BU / ACRE",51.4,0.8224,1.8427924860262
2018,"SCOTT","oats","OATS - YIELD, MEASURED IN BU / ACRE",77.5,1.24,2.77852952659593
2018,"CERRO GORDO","oats","OATS - YIELD, MEASURED IN BU / ACRE",75,1.2,2.68889954186703
2018,"MITCHELL","oats","OATS - YIELD, MEASURED IN BU / ACRE",62.1,0.9936,2.2264088206659
2018,"OTHER (COMBINED) COUNTIES","oats","OATS - YIELD, MEASURED IN BU / ACRE",54.3,0.8688,1.94676326831173
2018,"BREMER","oats","OATS - YIELD, MEASURED IN BU / ACRE",80.3,1.2848,2.8789151094923
2018,"BUCHANAN","oats","OATS - YIELD, MEASURED IN BU / ACRE",61.1,0.9776,2.19055682677434
2018,"CLAYTON","oats","OATS - YIELD, MEASURED IN BU / ACRE",59.2,0.9472,2.12243803838037
2018,"DUBUQUE","oats","OATS - YIELD, MEASURED IN BU / ACRE",62.9,1.0064,2.25509041577915
2018,"FAYETTE","oats","OATS - YIELD, MEASURED IN BU / ACRE",54.8,0.8768,1.96468926525751
2018,"HOWARD","oats","OATS - YIELD, MEASURED IN BU / ACRE",40.6,0.6496,1.45559095199735
2018,"OTHER (COMBINED) COUNTIES","oats","OATS - YIELD, MEASURED IN BU / ACRE",68.4,1.0944,2.45227638218273
2018,"WINNESHIEK","oats","OATS - YIELD, MEASURED IN BU / ACRE",77,1.232,2.76060352965015
2018,"LYON","oats","OATS - YIELD, MEASURED IN BU / ACRE",88.3,1.4128,3.16573106062478
2018,"O BRIEN","oats","OATS - YIELD, MEASURED IN BU / ACRE",76.7,1.2272,2.74984793148268
2018,"OTHER (COMBINED) COUNTIES","oats","OATS - YIELD, MEASURED IN BU / ACRE",65.3,1.0448,2.34113520111889
2018,"PLYMOUTH","oats","OATS - YIELD, MEASURED IN BU / ACRE",90.8,1.4528,3.25536104535368
2018,"SIOUX","oats","OATS - YIELD, MEASURED IN BU / ACRE",88,1.408,3.15497546245731
2018,"LUCAS","oats","OATS - YIELD, MEASURED IN BU / ACRE",56.5,0.904,2.02563765487316
2018,"MARION","oats","OATS - YIELD, MEASURED IN BU / ACRE",66.9,1.0704,2.39849839134539
2018,"OTHER (COMBINED) COUNTIES","oats","OATS - YIELD, MEASURED IN BU / ACRE",56.8,0.9088,2.03639325304063
2018,"UNION","oats","OATS - YIELD, MEASURED IN BU / ACRE",70.2,1.1232,2.51680997118754
2018,"DAVIS","oats","OATS - YIELD, MEASURED IN BU / ACRE",60,0.96,2.15111963349362
2018,"JEFFERSON","oats","OATS - YIELD, MEASURED IN BU / ACRE",53.6,0.8576,1.92166687258764
2018,"OTHER (COMBINED) COUNTIES","oats","OATS - YIELD, MEASURED IN BU / ACRE",64,1.024,2.29452760905986
2018,"VAN BUREN","oats","OATS - YIELD, MEASURED IN BU / ACRE",53.8,0.8608,1.92883727136595
2018,"WASHINGTON","oats","OATS - YIELD, MEASURED IN BU / ACRE",54.4,0.8704,1.95034846770088
2018,"ADAMS","oats","OATS - YIELD, MEASURED IN BU / ACRE",64.8,1.0368,2.32320920417311
2018,"OTHER (COMBINED) COUNTIES","oats","OATS - YIELD, MEASURED IN BU / ACRE",56.4,0.9024,2.022052455484
2018,"CARROLL","oats","OATS - YIELD, MEASURED IN BU / ACRE",61.5,0.984,2.20489762433096
2018,"GREENE","oats","OATS - YIELD, MEASURED IN BU / ACRE",34.7,0.5552,1.24406418803715
2018,"OTHER (COMBINED) COUNTIES","oats","OATS - YIELD, MEASURED IN BU / ACRE",76.6,1.2256,2.74626273209352
2018,"SHELBY","oats","OATS - YIELD, MEASURED IN BU / ACRE",76.9,1.2304,2.75701833026099
2017,"BOONE","oats","OATS - YIELD, MEASURED IN BU / ACRE",103.8,1.6608,3.72143696594397
2017,"JASPER","oats","OATS - YIELD, MEASURED IN BU / ACRE",90,1.44,3.22667945024043
2017,"OTHER (COMBINED) COUNTIES","oats","OATS - YIELD, MEASURED IN BU / ACRE",101.2,1.6192,3.62822178182591
2017,"POWESHIEK","oats","OATS - YIELD, MEASURED IN BU / ACRE",76.7,1.2272,2.74984793148268
2017,"TAMA","oats","OATS - YIELD, MEASURED IN BU / ACRE",104.7,1.6752,3.75370376044637
2017,"BENTON","oats","OATS - YIELD, MEASURED IN BU / ACRE",87.5,1.4,3.13704946551153
2017,"CLINTON","oats","OATS - YIELD, MEASURED IN BU / ACRE",63.4,1.0144,2.27301641272493
2017,"JOHNSON","oats","OATS - YIELD, MEASURED IN BU / ACRE",73.9,1.1824,2.64946234858631
2017,"JONES","oats","OATS - YIELD, MEASURED IN BU / ACRE",66.3,1.0608,2.37698719501045
2017,"LINN","oats","OATS - YIELD, MEASURED IN BU / ACRE",78.8,1.2608,2.82513711865496
2017,"MUSCATINE","oats","OATS - YIELD, MEASURED IN BU / ACRE",75,1.2,2.68889954186703
2017,"OTHER (COMBINED) COUNTIES","oats","OATS - YIELD, MEASURED IN BU / ACRE",74.4,1.1904,2.66738834553209
2017,"SCOTT","oats","OATS - YIELD, MEASURED IN BU / ACRE",88.8,1.4208,3.18365705757056
2017,"MITCHELL","oats","OATS - YIELD, MEASURED IN BU / ACRE",72.4,1.1584,2.59568435774897
2017,"OTHER (COMBINED) COUNTIES","oats","OATS - YIELD, MEASURED IN BU / ACRE",82.6,1.3216,2.96137469544289
2017,"WORTH","oats","OATS - YIELD, MEASURED IN BU / ACRE",79.8,1.2768,2.86098911254652
2017,"ALLAMAKEE","oats","OATS - YIELD, MEASURED IN BU / ACRE",73.8,1.1808,2.64587714919716
2017,"BUCHANAN","oats","OATS - YIELD, MEASURED IN BU / ACRE",83.9,1.3424,3.00798228750192
2017,"CLAYTON","oats","OATS - YIELD, MEASURED IN BU / ACRE",60.7,0.9712,2.17621602921771
2017,"DUBUQUE","oats","OATS - YIELD, MEASURED IN BU / ACRE",67.6,1.0816,2.42359478706948
2017,"FAYETTE","oats","OATS - YIELD, MEASURED IN BU / ACRE",77.9,1.2464,2.79287032415255
2017,"HOWARD","oats","OATS - YIELD, MEASURED IN BU / ACRE",73.2,1.1712,2.62436595286222
2017,"OTHER (COMBINED) COUNTIES","oats","OATS - YIELD, MEASURED IN BU / ACRE",73.7,1.1792,2.642291949808
2017,"O BRIEN","oats","OATS - YIELD, MEASURED IN BU / ACRE",80.8,1.2928,2.89684110643808
2017,"OTHER (COMBINED) COUNTIES","oats","OATS - YIELD, MEASURED IN BU / ACRE",99.6,1.5936,3.57085859159941
2017,"PALO ALTO","oats","OATS - YIELD, MEASURED IN BU / ACRE",98.1,1.5696,3.51708060076207
2017,"PLYMOUTH","oats","OATS - YIELD, MEASURED IN BU / ACRE",109.5,1.752,3.92579333112586
2017,"SIOUX","oats","OATS - YIELD, MEASURED IN BU / ACRE",91.3,1.4608,3.27328704229946
2017,"DAVIS","oats","OATS - YIELD, MEASURED IN BU / ACRE",67,1.072,2.40208359073455
2017,"HENRY","oats","OATS - YIELD, MEASURED IN BU / ACRE",127,2.032,4.55320322422817
2017,"MAHASKA","oats","OATS - YIELD, MEASURED IN BU / ACRE",86.8,1.3888,3.11195306978744
2017,"OTHER (COMBINED) COUNTIES","oats","OATS - YIELD, MEASURED IN BU / ACRE",72.9,1.1664,2.61361035469475
2017,"VAN BUREN","oats","OATS - YIELD, MEASURED IN BU / ACRE",74.2,1.1872,2.66021794675378
2017,"AUDUBON","oats","OATS - YIELD, MEASURED IN BU / ACRE",81,1.296,2.90401150521639
2017,"CRAWFORD","oats","OATS - YIELD, MEASURED IN BU / ACRE",99.1,1.5856,3.55293259465363
2017,"OTHER (COMBINED) COUNTIES","oats","OATS - YIELD, MEASURED IN BU / ACRE",73.3,1.1728,2.62795115225138
2017,"WOODBURY","oats","OATS - YIELD, MEASURED IN BU / ACRE",55.6,0.8896,1.99337086037076
2018,"BOONE","hay","HAY, ALFALFA - YIELD, MEASURED IN TONS / ACRE",3.35,3.35,7.50969825988544
2018,"HAMILTON","hay","HAY, ALFALFA - YIELD, MEASURED IN TONS / ACRE",3.45,3.45,7.73386835719546
2018,"OTHER (COMBINED) COUNTIES","hay","HAY, ALFALFA - YIELD, MEASURED IN TONS / ACRE",3.6,3.6,8.07012350316048
2018,"POLK","hay","HAY, ALFALFA - YIELD, MEASURED IN TONS / ACRE",4.3,4.3,9.63931418433057
2018,"WEBSTER","hay","HAY, ALFALFA - YIELD, MEASURED IN TONS / ACRE",3.7,3.7,8.29429360047049
2018,"JACKSON","hay","HAY, ALFALFA - YIELD, MEASURED IN TONS / ACRE",4.45,4.45,9.97556933029559
2018,"OTHER (COMBINED) COUNTIES","hay","HAY, ALFALFA - YIELD, MEASURED IN TONS / ACRE",4.1,4.1,9.19097398971054
2018,"HUMBOLDT","hay","HAY, ALFALFA - YIELD, MEASURED IN TONS / ACRE",4.2,4.2,9.41514408702056
2018,"OTHER (COMBINED) COUNTIES","hay","HAY, ALFALFA - YIELD, MEASURED IN TONS / ACRE",2.9,2.9,6.50093282199038
2018,"WINNEBAGO","hay","HAY, ALFALFA - YIELD, MEASURED IN TONS / ACRE",3.75,3.75,8.4063786491255
2018,"WRIGHT","hay","HAY, ALFALFA - YIELD, MEASURED IN TONS / ACRE",3.2,3.2,7.17344311392042
2018,"ALLAMAKEE","hay","HAY, ALFALFA - YIELD, MEASURED IN TONS / ACRE",4.05,4.05,9.07888894105553
2018,"CLAYTON","hay","HAY, ALFALFA - YIELD, MEASURED IN TONS / ACRE",4.25,4.25,9.52722913567556
2018,"DUBUQUE","hay","HAY, ALFALFA - YIELD, MEASURED IN TONS / ACRE",4.5,4.5,10.0876543789506
2018,"OTHER (COMBINED) COUNTIES","hay","HAY, ALFALFA - YIELD, MEASURED IN TONS / ACRE",4.4,4.4,9.86348428164058
2018,"WINNESHIEK","hay","HAY, ALFALFA - YIELD, MEASURED IN TONS / ACRE",3.95,3.95,8.85471884374552
2018,"CLAY","hay","HAY, ALFALFA - YIELD, MEASURED IN TONS / ACRE",3.05,3.05,6.8371879679554
2018,"EMMET","hay","HAY, ALFALFA - YIELD, MEASURED IN TONS / ACRE",3.5,3.5,7.84595340585046
2018,"LYON","hay","HAY, ALFALFA - YIELD, MEASURED IN TONS / ACRE",4.8,4.8,10.7601646708806
2018,"OTHER (COMBINED) COUNTIES","hay","HAY, ALFALFA - YIELD, MEASURED IN TONS / ACRE",4.15,4.15,9.30305903836555
2018,"PALO ALTO","hay","HAY, ALFALFA - YIELD, MEASURED IN TONS / ACRE",2.15,2.15,4.81965709216528
2018,"APPANOOSE","hay","HAY, ALFALFA - YIELD, MEASURED IN TONS / ACRE",2.75,2.75,6.16467767602536
2018,"CLARKE","hay","HAY, ALFALFA - YIELD, MEASURED IN TONS / ACRE",3.1,3.1,6.94927301661041
2018,"MONROE","hay","HAY, ALFALFA - YIELD, MEASURED IN TONS / ACRE",3.05,3.05,6.8371879679554
2018,"OTHER (COMBINED) COUNTIES","hay","HAY, ALFALFA - YIELD, MEASURED IN TONS / ACRE",3.15,3.15,7.06135806526542
2018,"RINGGOLD","hay","HAY, ALFALFA - YIELD, MEASURED IN TONS / ACRE",3,3,6.7251029193004
2018,"UNION","hay","HAY, ALFALFA - YIELD, MEASURED IN TONS / ACRE",3.05,3.05,6.8371879679554
2018,"WARREN","hay","HAY, ALFALFA - YIELD, MEASURED IN TONS / ACRE",2.85,2.85,6.38884777333538
2018,"DAVIS","hay","HAY, ALFALFA - YIELD, MEASURED IN TONS / ACRE",2.5,2.5,5.60425243275033
2018,"DES MOINES","hay","HAY, ALFALFA - YIELD, MEASURED IN TONS / ACRE",3.4,3.4,7.62178330854045
2018,"KEOKUK","hay","HAY, ALFALFA - YIELD, MEASURED IN TONS / ACRE",4,4,8.96680389240053
2018,"LEE","hay","HAY, ALFALFA - YIELD, MEASURED IN TONS / ACRE",4,4,8.96680389240053
2018,"LOUISA","hay","HAY, ALFALFA - YIELD, MEASURED IN TONS / ACRE",3.9,3.9,8.74263379509052
2018,"OTHER (COMBINED) COUNTIES","hay","HAY, ALFALFA - YIELD, MEASURED IN TONS / ACRE",3.25,3.25,7.28552816257543
2018,"VAN BUREN","hay","HAY, ALFALFA - YIELD, MEASURED IN TONS / ACRE",2.6,2.6,5.82842253006034
2018,"ADAIR","hay","HAY, ALFALFA - YIELD, MEASURED IN TONS / ACRE",4.1,4.1,9.19097398971054
2018,"MILLS","hay","HAY, ALFALFA - YIELD, MEASURED IN TONS / ACRE",4.15,4.15,9.30305903836555
2018,"OTHER (COMBINED) COUNTIES","hay","HAY, ALFALFA - YIELD, MEASURED IN TONS / ACRE",3.7,3.7,8.29429360047049
2018,"TAYLOR","hay","HAY, ALFALFA - YIELD, MEASURED IN TONS / ACRE",3.5,3.5,7.84595340585046
2018,"AUDUBON","hay","HAY, ALFALFA - YIELD, MEASURED IN TONS / ACRE",3.2,3.2,7.17344311392042
2018,"OTHER (COMBINED) COUNTIES","hay","HAY, ALFALFA - YIELD, MEASURED IN TONS / ACRE",4.1,4.1,9.19097398971054
2017,"GRUNDY","hay","HAY, ALFALFA - YIELD, MEASURED IN TONS / ACRE",3.45,3.45,7.73386835719546
2017,"HAMILTON","hay","HAY, ALFALFA - YIELD, MEASURED IN TONS / ACRE",3.15,3.15,7.06135806526542
2017,"OTHER (COMBINED) COUNTIES","hay","HAY, ALFALFA - YIELD, MEASURED IN TONS / ACRE",3.4,3.4,7.62178330854045
2017,"POWESHIEK","hay","HAY, ALFALFA - YIELD, MEASURED IN TONS / ACRE",2.7,2.7,6.05259262737036
2017,"WEBSTER","hay","HAY, ALFALFA - YIELD, MEASURED IN TONS / ACRE",3.35,3.35,7.50969825988544
2017,"CLINTON","hay","HAY, ALFALFA - YIELD, MEASURED IN TONS / ACRE",4.5,4.5,10.0876543789506
2017,"JACKSON","hay","HAY, ALFALFA - YIELD, MEASURED IN TONS / ACRE",3.7,3.7,8.29429360047049
2017,"JOHNSON","hay","HAY, ALFALFA - YIELD, MEASURED IN TONS / ACRE",3.15,3.15,7.06135806526542
2017,"JONES","hay","HAY, ALFALFA - YIELD, MEASURED IN TONS / ACRE",3.9,3.9,8.74263379509052
2017,"LINN","hay","HAY, ALFALFA - YIELD, MEASURED IN TONS / ACRE",3.4,3.4,7.62178330854045
2017,"OTHER (COMBINED) COUNTIES","hay","HAY, ALFALFA - YIELD, MEASURED IN TONS / ACRE",4,4,8.96680389240053
2017,"FRANKLIN","hay","HAY, ALFALFA - YIELD, MEASURED IN TONS / ACRE",3.8,3.8,8.5184636977805
2017,"HANCOCK","hay","HAY, ALFALFA - YIELD, MEASURED IN TONS / ACRE",4.55,4.55,10.1997394276056
2017,"HUMBOLDT","hay","HAY, ALFALFA - YIELD, MEASURED IN TONS / ACRE",2.75,2.75,6.16467767602536
2017,"MITCHELL","hay","HAY, ALFALFA - YIELD, MEASURED IN TONS / ACRE",4.5,4.5,10.0876543789506
2017,"OTHER (COMBINED) COUNTIES","hay","HAY, ALFALFA - YIELD, MEASURED IN TONS / ACRE",3.2,3.2,7.17344311392042
2017,"WINNEBAGO","hay","HAY, ALFALFA - YIELD, MEASURED IN TONS / ACRE",3.15,3.15,7.06135806526542
2017,"WORTH","hay","HAY, ALFALFA - YIELD, MEASURED IN TONS / ACRE",4.35,4.35,9.75139923298557
2017,"WRIGHT","hay","HAY, ALFALFA - YIELD, MEASURED IN TONS / ACRE",2.9,2.9,6.50093282199038
2017,"ALLAMAKEE","hay","HAY, ALFALFA - YIELD, MEASURED IN TONS / ACRE",4.2,4.2,9.41514408702056
2017,"CHICKASAW","hay","HAY, ALFALFA - YIELD, MEASURED IN TONS / ACRE",3.9,3.9,8.74263379509052
2017,"CLAYTON","hay","HAY, ALFALFA - YIELD, MEASURED IN TONS / ACRE",3.95,3.95,8.85471884374552
2017,"DELAWARE","hay","HAY, ALFALFA - YIELD, MEASURED IN TONS / ACRE",4.6,4.6,10.3118244762606
2017,"DUBUQUE","hay","HAY, ALFALFA - YIELD, MEASURED IN TONS / ACRE",4.35,4.35,9.75139923298557
2017,"FAYETTE","hay","HAY, ALFALFA - YIELD, MEASURED IN TONS / ACRE",3.55,3.55,7.95803845450547
2017,"HOWARD","hay","HAY, ALFALFA - YIELD, MEASURED IN TONS / ACRE",4.35,4.35,9.75139923298557
2017,"OTHER (COMBINED) COUNTIES","hay","HAY, ALFALFA - YIELD, MEASURED IN TONS / ACRE",4.2,4.2,9.41514408702056
2017,"WINNESHIEK","hay","HAY, ALFALFA - YIELD, MEASURED IN TONS / ACRE",3.65,3.65,8.18220855181548
2017,"EMMET","hay","HAY, ALFALFA - YIELD, MEASURED IN TONS / ACRE",4,4,8.96680389240053
2017,"LYON","hay","HAY, ALFALFA - YIELD, MEASURED IN TONS / ACRE",5.2,5.2,11.6568450601207
2017,"O BRIEN","hay","HAY, ALFALFA - YIELD, MEASURED IN TONS / ACRE",3,3,6.7251029193004
2017,"OTHER (COMBINED) COUNTIES","hay","HAY, ALFALFA - YIELD, MEASURED IN TONS / ACRE",4.25,4.25,9.52722913567556
2017,"DECATUR","hay","HAY, ALFALFA - YIELD, MEASURED IN TONS / ACRE",3,3,6.7251029193004
2017,"MADISON","hay","HAY, ALFALFA - YIELD, MEASURED IN TONS / ACRE",3.1,3.1,6.94927301661041
2017,"MARION","hay","HAY, ALFALFA - YIELD, MEASURED IN TONS / ACRE",2.9,2.9,6.50093282199038
2017,"OTHER (COMBINED) COUNTIES","hay","HAY, ALFALFA - YIELD, MEASURED IN TONS / ACRE",2.65,2.65,5.94050757871535
2017,"RINGGOLD","hay","HAY, ALFALFA - YIELD, MEASURED IN TONS / ACRE",3.2,3.2,7.17344311392042
2017,"DAVIS","hay","HAY, ALFALFA - YIELD, MEASURED IN TONS / ACRE",2.7,2.7,6.05259262737036
2017,"DES MOINES","hay","HAY, ALFALFA - YIELD, MEASURED IN TONS / ACRE",3.35,3.35,7.50969825988544
2017,"LEE","hay","HAY, ALFALFA - YIELD, MEASURED IN TONS / ACRE",3.15,3.15,7.06135806526542
2017,"LOUISA","hay","HAY, ALFALFA - YIELD, MEASURED IN TONS / ACRE",3.1,3.1,6.94927301661041
2017,"OTHER (COMBINED) COUNTIES","hay","HAY, ALFALFA - YIELD, MEASURED IN TONS / ACRE",3.3,3.3,7.39761321123043
2017,"VAN BUREN","hay","HAY, ALFALFA - YIELD, MEASURED IN TONS / ACRE",2.8,2.8,6.27676272468037
2017,"WAPELLO","hay","HAY, ALFALFA - YIELD, MEASURED IN TONS / ACRE",2.4,2.4,5.38008233544032
2017,"WASHINGTON","hay","HAY, ALFALFA - YIELD, MEASURED IN TONS / ACRE",2.8,2.8,6.27676272468037
2017,"CASS","hay","HAY, ALFALFA - YIELD, MEASURED IN TONS / ACRE",3.5,3.5,7.84595340585046
2017,"FREMONT","hay","HAY, ALFALFA - YIELD, MEASURED IN TONS / ACRE",4.3,4.3,9.63931418433057
2017,"MONTGOMERY","hay","HAY, ALFALFA - YIELD, MEASURED IN TONS / ACRE",4.05,4.05,9.07888894105553
2017,"OTHER (COMBINED) COUNTIES","hay","HAY, ALFALFA - YIELD, MEASURED IN TONS / ACRE",3.5,3.5,7.84595340585046
2017,"AUDUBON","hay","HAY, ALFALFA - YIELD, MEASURED IN TONS / ACRE",4.1,4.1,9.19097398971054
2017,"MONONA","hay","HAY, ALFALFA - YIELD, MEASURED IN TONS / ACRE",4.65,4.65,10.4239095249156
2017,"OTHER (COMBINED) COUNTIES","hay","HAY, ALFALFA - YIELD, MEASURED IN TONS / ACRE",4.1,4.1,9.19097398971054
2020,NA,"hay","HAY - YIELD, MEASURED IN TONS / ACRE",3.19,3.19,7.15102610418942
2019,NA,"hay","HAY - YIELD, MEASURED IN TONS / ACRE",3.06,3.06,6.8596049776864
