"Program","Year","Period","Week Ending","Geo Level","State","State ANSI","Ag District","Ag District Code","County","County ANSI","Zip Code","Region","watershed_code","Watershed","Commodity","Data Item","Domain","Domain Category","Value","CV (%)"
"SURVEY","2020","YEAR","","COUNTY","IOWA","19","","99","OTHER COUNTIES","","","","00000000","","OATS","OATS - YIELD, MEASURED IN BU / ACRE","TOTAL","NOT SPECIFIED","82.7","2.0"
"SURVEY","2020","YEAR","","COUNTY","IOWA","19","CENTRAL","50","BOONE","015","","","00000000","","OATS","OATS - YIELD, MEASURED IN BU / ACRE","TOTAL","NOT SPECIFIED","113","10.8"
"SURVEY","2020","YEAR","","COUNTY","IOWA","19","CENTRAL","50","HAMILTON","079","","","00000000","","OATS","OATS - YIELD, MEASURED IN BU / ACRE","TOTAL","NOT SPECIFIED","117.6","11.7"
"SURVEY","2020","YEAR","","COUNTY","IOWA","19","CENTRAL","50","HARDIN","083","","","00000000","","OATS","OATS - YIELD, MEASURED IN BU / ACRE","TOTAL","NOT SPECIFIED","67.2","6.5"
"SURVEY","2020","YEAR","","COUNTY","IOWA","19","EAST CENTRAL","60","BENTON","011","","","00000000","","OATS","OATS - YIELD, MEASURED IN BU / ACRE","TOTAL","NOT SPECIFIED","79.2","5.1"
"SURVEY","2020","YEAR","","COUNTY","IOWA","19","EAST CENTRAL","60","CLINTON","045","","","00000000","","OATS","OATS - YIELD, MEASURED IN BU / ACRE","TOTAL","NOT SPECIFIED","72","4.3"
"SURVEY","2020","YEAR","","COUNTY","IOWA","19","EAST CENTRAL","60","IOWA","095","","","00000000","","OATS","OATS - YIELD, MEASURED IN BU / ACRE","TOTAL","NOT SPECIFIED","69.4","5.3"
"SURVEY","2020","YEAR","","COUNTY","IOWA","19","EAST CENTRAL","60","JACKSON","097","","","00000000","","OATS","OATS - YIELD, MEASURED IN BU / ACRE","TOTAL","NOT SPECIFIED","61.7","5.2"
"SURVEY","2020","YEAR","","COUNTY","IOWA","19","EAST CENTRAL","60","JOHNSON","103","","","00000000","","OATS","OATS - YIELD, MEASURED IN BU / ACRE","TOTAL","NOT SPECIFIED","82.2","9.3"
"SURVEY","2020","YEAR","","COUNTY","IOWA","19","EAST CENTRAL","60","JONES","105","","","00000000","","OATS","OATS - YIELD, MEASURED IN BU / ACRE","TOTAL","NOT SPECIFIED","68","12.2"
"SURVEY","2020","YEAR","","COUNTY","IOWA","19","EAST CENTRAL","60","LINN","113","","","00000000","","OATS","OATS - YIELD, MEASURED IN BU / ACRE","TOTAL","NOT SPECIFIED","78.3","9.4"
"SURVEY","2020","YEAR","","COUNTY","IOWA","19","NORTH CENTRAL","20","BUTLER","023","","","00000000","","OATS","OATS - YIELD, MEASURED IN BU / ACRE","TOTAL","NOT SPECIFIED","70.5","2.5"
"SURVEY","2020","YEAR","","COUNTY","IOWA","19","NORTH CENTRAL","20","MITCHELL","131","","","00000000","","OATS","OATS - YIELD, MEASURED IN BU / ACRE","TOTAL","NOT SPECIFIED","89.6","13.5"
"SURVEY","2020","YEAR","","COUNTY","IOWA","19","NORTH CENTRAL","20","WINNEBAGO","189","","","00000000","","OATS","OATS - YIELD, MEASURED IN BU / ACRE","TOTAL","NOT SPECIFIED","72.5","11.2"
"SURVEY","2020","YEAR","","COUNTY","IOWA","19","NORTH CENTRAL","20","WORTH","195","","","00000000","","OATS","OATS - YIELD, MEASURED IN BU / ACRE","TOTAL","NOT SPECIFIED","84.3","3.7"
"SURVEY","2020","YEAR","","COUNTY","IOWA","19","NORTHEAST","30","ALLAMAKEE","005","","","00000000","","OATS","OATS - YIELD, MEASURED IN BU / ACRE","TOTAL","NOT SPECIFIED","62.4","9.4"
"SURVEY","2020","YEAR","","COUNTY","IOWA","19","NORTHEAST","30","BLACK HAWK","013","","","00000000","","OATS","OATS - YIELD, MEASURED IN BU / ACRE","TOTAL","NOT SPECIFIED","77.3","13.4"
"SURVEY","2020","YEAR","","COUNTY","IOWA","19","NORTHEAST","30","BREMER","017","","","00000000","","OATS","OATS - YIELD, MEASURED IN BU / ACRE","TOTAL","NOT SPECIFIED","90.1","4.5"
"SURVEY","2020","YEAR","","COUNTY","IOWA","19","NORTHEAST","30","BUCHANAN","019","","","00000000","","OATS","OATS - YIELD, MEASURED IN BU / ACRE","TOTAL","NOT SPECIFIED","72.6","4.0"
"SURVEY","2020","YEAR","","COUNTY","IOWA","19","NORTHEAST","30","CHICKASAW","037","","","00000000","","OATS","OATS - YIELD, MEASURED IN BU / ACRE","TOTAL","NOT SPECIFIED","76.2","11.7"
"SURVEY","2020","YEAR","","COUNTY","IOWA","19","NORTHEAST","30","CLAYTON","043","","","00000000","","OATS","OATS - YIELD, MEASURED IN BU / ACRE","TOTAL","NOT SPECIFIED","64.2","4.6"
"SURVEY","2020","YEAR","","COUNTY","IOWA","19","NORTHEAST","30","DELAWARE","055","","","00000000","","OATS","OATS - YIELD, MEASURED IN BU / ACRE","TOTAL","NOT SPECIFIED","81.8","5.2"
"SURVEY","2020","YEAR","","COUNTY","IOWA","19","NORTHEAST","30","DUBUQUE","061","","","00000000","","OATS","OATS - YIELD, MEASURED IN BU / ACRE","TOTAL","NOT SPECIFIED","59.5","9.9"
"SURVEY","2020","YEAR","","COUNTY","IOWA","19","NORTHEAST","30","FAYETTE","065","","","00000000","","OATS","OATS - YIELD, MEASURED IN BU / ACRE","TOTAL","NOT SPECIFIED","70","5.5"
"SURVEY","2020","YEAR","","COUNTY","IOWA","19","NORTHEAST","30","HOWARD","089","","","00000000","","OATS","OATS - YIELD, MEASURED IN BU / ACRE","TOTAL","NOT SPECIFIED","77.5","6.5"
"SURVEY","2020","YEAR","","COUNTY","IOWA","19","NORTHEAST","30","WINNESHIEK","191","","","00000000","","OATS","OATS - YIELD, MEASURED IN BU / ACRE","TOTAL","NOT SPECIFIED","62.5","10.8"
"SURVEY","2020","YEAR","","COUNTY","IOWA","19","NORTHWEST","10","LYON","119","","","00000000","","OATS","OATS - YIELD, MEASURED IN BU / ACRE","TOTAL","NOT SPECIFIED","79.9","5.7"
"SURVEY","2020","YEAR","","COUNTY","IOWA","19","NORTHWEST","10","O BRIEN","141","","","00000000","","OATS","OATS - YIELD, MEASURED IN BU / ACRE","TOTAL","NOT SPECIFIED","80","13.4"
"SURVEY","2020","YEAR","","COUNTY","IOWA","19","NORTHWEST","10","PLYMOUTH","149","","","00000000","","OATS","OATS - YIELD, MEASURED IN BU / ACRE","TOTAL","NOT SPECIFIED","94.4","7.6"
"SURVEY","2020","YEAR","","COUNTY","IOWA","19","NORTHWEST","10","SIOUX","167","","","00000000","","OATS","OATS - YIELD, MEASURED IN BU / ACRE","TOTAL","NOT SPECIFIED","105.9","3.6"
"SURVEY","2020","YEAR","","COUNTY","IOWA","19","SOUTH CENTRAL","80","MONROE","135","","","00000000","","OATS","OATS - YIELD, MEASURED IN BU / ACRE","TOTAL","NOT SPECIFIED","73.8","11.1"
"SURVEY","2020","YEAR","","COUNTY","IOWA","19","SOUTHEAST","90","DAVIS","051","","","00000000","","OATS","OATS - YIELD, MEASURED IN BU / ACRE","TOTAL","NOT SPECIFIED","67.9","5.9"
"SURVEY","2020","YEAR","","COUNTY","IOWA","19","SOUTHEAST","90","VAN BUREN","177","","","00000000","","OATS","OATS - YIELD, MEASURED IN BU / ACRE","TOTAL","NOT SPECIFIED","62.7","10.0"
"SURVEY","2020","YEAR","","COUNTY","IOWA","19","SOUTHEAST","90","WASHINGTON","183","","","00000000","","OATS","OATS - YIELD, MEASURED IN BU / ACRE","TOTAL","NOT SPECIFIED","80.8","8.2"
"SURVEY","2020","YEAR","","COUNTY","IOWA","19","WEST CENTRAL","40","AUDUBON","009","","","00000000","","OATS","OATS - YIELD, MEASURED IN BU / ACRE","TOTAL","NOT SPECIFIED","74.7","3.5"
"SURVEY","2020","YEAR","","COUNTY","IOWA","19","WEST CENTRAL","40","GREENE","073","","","00000000","","OATS","OATS - YIELD, MEASURED IN BU / ACRE","TOTAL","NOT SPECIFIED","82.7","8.2"
"SURVEY","2020","YEAR","","COUNTY","IOWA","19","WEST CENTRAL","40","SHELBY","165","","","00000000","","OATS","OATS - YIELD, MEASURED IN BU / ACRE","TOTAL","NOT SPECIFIED","98.4","10.3"
"SURVEY","2019","YEAR","","COUNTY","IOWA","19","CENTRAL","50","JASPER","099","","","00000000","","OATS","OATS - YIELD, MEASURED IN BU / ACRE","TOTAL","NOT SPECIFIED","61.1",""
"SURVEY","2019","YEAR","","COUNTY","IOWA","19","CENTRAL","50","OTHER (COMBINED) COUNTIES","","","","00000000","","OATS","OATS - YIELD, MEASURED IN BU / ACRE","TOTAL","NOT SPECIFIED","62.6",""
"SURVEY","2019","YEAR","","COUNTY","IOWA","19","EAST CENTRAL","60","BENTON","011","","","00000000","","OATS","OATS - YIELD, MEASURED IN BU / ACRE","TOTAL","NOT SPECIFIED","65.2",""
"SURVEY","2019","YEAR","","COUNTY","IOWA","19","EAST CENTRAL","60","CLINTON","045","","","00000000","","OATS","OATS - YIELD, MEASURED IN BU / ACRE","TOTAL","NOT SPECIFIED","64.4",""
"SURVEY","2019","YEAR","","COUNTY","IOWA","19","EAST CENTRAL","60","JOHNSON","103","","","00000000","","OATS","OATS - YIELD, MEASURED IN BU / ACRE","TOTAL","NOT SPECIFIED","54.2",""
"SURVEY","2019","YEAR","","COUNTY","IOWA","19","EAST CENTRAL","60","JONES","105","","","00000000","","OATS","OATS - YIELD, MEASURED IN BU / ACRE","TOTAL","NOT SPECIFIED","64.3",""
"SURVEY","2019","YEAR","","COUNTY","IOWA","19","EAST CENTRAL","60","LINN","113","","","00000000","","OATS","OATS - YIELD, MEASURED IN BU / ACRE","TOTAL","NOT SPECIFIED","66.1",""
"SURVEY","2019","YEAR","","COUNTY","IOWA","19","EAST CENTRAL","60","OTHER (COMBINED) COUNTIES","","","","00000000","","OATS","OATS - YIELD, MEASURED IN BU / ACRE","TOTAL","NOT SPECIFIED","59.3",""
"SURVEY","2019","YEAR","","COUNTY","IOWA","19","NORTH CENTRAL","20","KOSSUTH","109","","","00000000","","OATS","OATS - YIELD, MEASURED IN BU / ACRE","TOTAL","NOT SPECIFIED","52.1",""
"SURVEY","2019","YEAR","","COUNTY","IOWA","19","NORTH CENTRAL","20","OTHER (COMBINED) COUNTIES","","","","00000000","","OATS","OATS - YIELD, MEASURED IN BU / ACRE","TOTAL","NOT SPECIFIED","53.2",""
"SURVEY","2019","YEAR","","COUNTY","IOWA","19","NORTHEAST","30","ALLAMAKEE","005","","","00000000","","OATS","OATS - YIELD, MEASURED IN BU / ACRE","TOTAL","NOT SPECIFIED","60.2",""
"SURVEY","2019","YEAR","","COUNTY","IOWA","19","NORTHEAST","30","BREMER","017","","","00000000","","OATS","OATS - YIELD, MEASURED IN BU / ACRE","TOTAL","NOT SPECIFIED","77",""
"SURVEY","2019","YEAR","","COUNTY","IOWA","19","NORTHEAST","30","BUCHANAN","019","","","00000000","","OATS","OATS - YIELD, MEASURED IN BU / ACRE","TOTAL","NOT SPECIFIED","61.2",""
"SURVEY","2019","YEAR","","COUNTY","IOWA","19","NORTHEAST","30","CHICKASAW","037","","","00000000","","OATS","OATS - YIELD, MEASURED IN BU / ACRE","TOTAL","NOT SPECIFIED","60.5",""
"SURVEY","2019","YEAR","","COUNTY","IOWA","19","NORTHEAST","30","CLAYTON","043","","","00000000","","OATS","OATS - YIELD, MEASURED IN BU / ACRE","TOTAL","NOT SPECIFIED","60.3",""
"SURVEY","2019","YEAR","","COUNTY","IOWA","19","NORTHEAST","30","DUBUQUE","061","","","00000000","","OATS","OATS - YIELD, MEASURED IN BU / ACRE","TOTAL","NOT SPECIFIED","64.2",""
"SURVEY","2019","YEAR","","COUNTY","IOWA","19","NORTHEAST","30","FAYETTE","065","","","00000000","","OATS","OATS - YIELD, MEASURED IN BU / ACRE","TOTAL","NOT SPECIFIED","64.8",""
"SURVEY","2019","YEAR","","COUNTY","IOWA","19","NORTHEAST","30","OTHER (COMBINED) COUNTIES","","","","00000000","","OATS","OATS - YIELD, MEASURED IN BU / ACRE","TOTAL","NOT SPECIFIED","70.1",""
"SURVEY","2019","YEAR","","COUNTY","IOWA","19","NORTHEAST","30","WINNESHIEK","191","","","00000000","","OATS","OATS - YIELD, MEASURED IN BU / ACRE","TOTAL","NOT SPECIFIED","59.9",""
"SURVEY","2019","YEAR","","COUNTY","IOWA","19","NORTHWEST","10","LYON","119","","","00000000","","OATS","OATS - YIELD, MEASURED IN BU / ACRE","TOTAL","NOT SPECIFIED","69.2",""
"SURVEY","2019","YEAR","","COUNTY","IOWA","19","NORTHWEST","10","O BRIEN","141","","","00000000","","OATS","OATS - YIELD, MEASURED IN BU / ACRE","TOTAL","NOT SPECIFIED","59.7",""
"SURVEY","2019","YEAR","","COUNTY","IOWA","19","NORTHWEST","10","OSCEOLA","143","","","00000000","","OATS","OATS - YIELD, MEASURED IN BU / ACRE","TOTAL","NOT SPECIFIED","48",""
"SURVEY","2019","YEAR","","COUNTY","IOWA","19","NORTHWEST","10","OTHER (COMBINED) COUNTIES","","","","00000000","","OATS","OATS - YIELD, MEASURED IN BU / ACRE","TOTAL","NOT SPECIFIED","84.3",""
"SURVEY","2019","YEAR","","COUNTY","IOWA","19","NORTHWEST","10","PLYMOUTH","149","","","00000000","","OATS","OATS - YIELD, MEASURED IN BU / ACRE","TOTAL","NOT SPECIFIED","71.2",""
"SURVEY","2019","YEAR","","COUNTY","IOWA","19","NORTHWEST","10","SIOUX","167","","","00000000","","OATS","OATS - YIELD, MEASURED IN BU / ACRE","TOTAL","NOT SPECIFIED","71.2",""
"SURVEY","2019","YEAR","","COUNTY","IOWA","19","SOUTHEAST","90","OTHER (COMBINED) COUNTIES","","","","00000000","","OATS","OATS - YIELD, MEASURED IN BU / ACRE","TOTAL","NOT SPECIFIED","39.6",""
"SURVEY","2019","YEAR","","COUNTY","IOWA","19","SOUTHEAST","90","VAN BUREN","177","","","00000000","","OATS","OATS - YIELD, MEASURED IN BU / ACRE","TOTAL","NOT SPECIFIED","42.3",""
"SURVEY","2019","YEAR","","COUNTY","IOWA","19","WEST CENTRAL","40","GREENE","073","","","00000000","","OATS","OATS - YIELD, MEASURED IN BU / ACRE","TOTAL","NOT SPECIFIED","47.9",""
"SURVEY","2019","YEAR","","COUNTY","IOWA","19","WEST CENTRAL","40","GUTHRIE","077","","","00000000","","OATS","OATS - YIELD, MEASURED IN BU / ACRE","TOTAL","NOT SPECIFIED","58.6",""
"SURVEY","2019","YEAR","","COUNTY","IOWA","19","WEST CENTRAL","40","OTHER (COMBINED) COUNTIES","","","","00000000","","OATS","OATS - YIELD, MEASURED IN BU / ACRE","TOTAL","NOT SPECIFIED","66.4",""
"SURVEY","2019","YEAR","","COUNTY","IOWA","19","WEST CENTRAL","40","SHELBY","165","","","00000000","","OATS","OATS - YIELD, MEASURED IN BU / ACRE","TOTAL","NOT SPECIFIED","74.6",""
"SURVEY","2019","YEAR","","COUNTY","IOWA","19","WEST CENTRAL","40","WOODBURY","193","","","00000000","","OATS","OATS - YIELD, MEASURED IN BU / ACRE","TOTAL","NOT SPECIFIED","82",""
"SURVEY","2018","YEAR","","COUNTY","IOWA","19","CENTRAL","50","BOONE","015","","","00000000","","OATS","OATS - YIELD, MEASURED IN BU / ACRE","TOTAL","NOT SPECIFIED","57.9",""
"SURVEY","2018","YEAR","","COUNTY","IOWA","19","CENTRAL","50","HARDIN","083","","","00000000","","OATS","OATS - YIELD, MEASURED IN BU / ACRE","TOTAL","NOT SPECIFIED","70",""
"SURVEY","2018","YEAR","","COUNTY","IOWA","19","CENTRAL","50","JASPER","099","","","00000000","","OATS","OATS - YIELD, MEASURED IN BU / ACRE","TOTAL","NOT SPECIFIED","54.5",""
"SURVEY","2018","YEAR","","COUNTY","IOWA","19","CENTRAL","50","OTHER (COMBINED) COUNTIES","","","","00000000","","OATS","OATS - YIELD, MEASURED IN BU / ACRE","TOTAL","NOT SPECIFIED","69.6",""
"SURVEY","2018","YEAR","","COUNTY","IOWA","19","CENTRAL","50","POWESHIEK","157","","","00000000","","OATS","OATS - YIELD, MEASURED IN BU / ACRE","TOTAL","NOT SPECIFIED","59.7",""
"SURVEY","2018","YEAR","","COUNTY","IOWA","19","CENTRAL","50","STORY","169","","","00000000","","OATS","OATS - YIELD, MEASURED IN BU / ACRE","TOTAL","NOT SPECIFIED","55",""
"SURVEY","2018","YEAR","","COUNTY","IOWA","19","CENTRAL","50","TAMA","171","","","00000000","","OATS","OATS - YIELD, MEASURED IN BU / ACRE","TOTAL","NOT SPECIFIED","50.7",""
"SURVEY","2018","YEAR","","COUNTY","IOWA","19","EAST CENTRAL","60","BENTON","011","","","00000000","","OATS","OATS - YIELD, MEASURED IN BU / ACRE","TOTAL","NOT SPECIFIED","65.5",""
"SURVEY","2018","YEAR","","COUNTY","IOWA","19","EAST CENTRAL","60","CEDAR","031","","","00000000","","OATS","OATS - YIELD, MEASURED IN BU / ACRE","TOTAL","NOT SPECIFIED","60.7",""
"SURVEY","2018","YEAR","","COUNTY","IOWA","19","EAST CENTRAL","60","IOWA","095","","","00000000","","OATS","OATS - YIELD, MEASURED IN BU / ACRE","TOTAL","NOT SPECIFIED","76.6",""
"SURVEY","2018","YEAR","","COUNTY","IOWA","19","EAST CENTRAL","60","JACKSON","097","","","00000000","","OATS","OATS - YIELD, MEASURED IN BU / ACRE","TOTAL","NOT SPECIFIED","52.5",""
"SURVEY","2018","YEAR","","COUNTY","IOWA","19","EAST CENTRAL","60","LINN","113","","","00000000","","OATS","OATS - YIELD, MEASURED IN BU / ACRE","TOTAL","NOT SPECIFIED","55.1",""
"SURVEY","2018","YEAR","","COUNTY","IOWA","19","EAST CENTRAL","60","OTHER (COMBINED) COUNTIES","","","","00000000","","OATS","OATS - YIELD, MEASURED IN BU / ACRE","TOTAL","NOT SPECIFIED","51.4",""
"SURVEY","2018","YEAR","","COUNTY","IOWA","19","EAST CENTRAL","60","SCOTT","163","","","00000000","","OATS","OATS - YIELD, MEASURED IN BU / ACRE","TOTAL","NOT SPECIFIED","77.5",""
"SURVEY","2018","YEAR","","COUNTY","IOWA","19","NORTH CENTRAL","20","CERRO GORDO","033","","","00000000","","OATS","OATS - YIELD, MEASURED IN BU / ACRE","TOTAL","NOT SPECIFIED","75",""
"SURVEY","2018","YEAR","","COUNTY","IOWA","19","NORTH CENTRAL","20","MITCHELL","131","","","00000000","","OATS","OATS - YIELD, MEASURED IN BU / ACRE","TOTAL","NOT SPECIFIED","62.1",""
"SURVEY","2018","YEAR","","COUNTY","IOWA","19","NORTH CENTRAL","20","OTHER (COMBINED) COUNTIES","","","","00000000","","OATS","OATS - YIELD, MEASURED IN BU / ACRE","TOTAL","NOT SPECIFIED","54.3",""
"SURVEY","2018","YEAR","","COUNTY","IOWA","19","NORTHEAST","30","BREMER","017","","","00000000","","OATS","OATS - YIELD, MEASURED IN BU / ACRE","TOTAL","NOT SPECIFIED","80.3",""
"SURVEY","2018","YEAR","","COUNTY","IOWA","19","NORTHEAST","30","BUCHANAN","019","","","00000000","","OATS","OATS - YIELD, MEASURED IN BU / ACRE","TOTAL","NOT SPECIFIED","61.1",""
"SURVEY","2018","YEAR","","COUNTY","IOWA","19","NORTHEAST","30","CLAYTON","043","","","00000000","","OATS","OATS - YIELD, MEASURED IN BU / ACRE","TOTAL","NOT SPECIFIED","59.2",""
"SURVEY","2018","YEAR","","COUNTY","IOWA","19","NORTHEAST","30","DUBUQUE","061","","","00000000","","OATS","OATS - YIELD, MEASURED IN BU / ACRE","TOTAL","NOT SPECIFIED","62.9",""
"SURVEY","2018","YEAR","","COUNTY","IOWA","19","NORTHEAST","30","FAYETTE","065","","","00000000","","OATS","OATS - YIELD, MEASURED IN BU / ACRE","TOTAL","NOT SPECIFIED","54.8",""
"SURVEY","2018","YEAR","","COUNTY","IOWA","19","NORTHEAST","30","HOWARD","089","","","00000000","","OATS","OATS - YIELD, MEASURED IN BU / ACRE","TOTAL","NOT SPECIFIED","40.6",""
"SURVEY","2018","YEAR","","COUNTY","IOWA","19","NORTHEAST","30","OTHER (COMBINED) COUNTIES","","","","00000000","","OATS","OATS - YIELD, MEASURED IN BU / ACRE","TOTAL","NOT SPECIFIED","68.4",""
"SURVEY","2018","YEAR","","COUNTY","IOWA","19","NORTHEAST","30","WINNESHIEK","191","","","00000000","","OATS","OATS - YIELD, MEASURED IN BU / ACRE","TOTAL","NOT SPECIFIED","77",""
"SURVEY","2018","YEAR","","COUNTY","IOWA","19","NORTHWEST","10","LYON","119","","","00000000","","OATS","OATS - YIELD, MEASURED IN BU / ACRE","TOTAL","NOT SPECIFIED","88.3",""
"SURVEY","2018","YEAR","","COUNTY","IOWA","19","NORTHWEST","10","O BRIEN","141","","","00000000","","OATS","OATS - YIELD, MEASURED IN BU / ACRE","TOTAL","NOT SPECIFIED","76.7",""
"SURVEY","2018","YEAR","","COUNTY","IOWA","19","NORTHWEST","10","OTHER (COMBINED) COUNTIES","","","","00000000","","OATS","OATS - YIELD, MEASURED IN BU / ACRE","TOTAL","NOT SPECIFIED","65.3",""
"SURVEY","2018","YEAR","","COUNTY","IOWA","19","NORTHWEST","10","PLYMOUTH","149","","","00000000","","OATS","OATS - YIELD, MEASURED IN BU / ACRE","TOTAL","NOT SPECIFIED","90.8",""
"SURVEY","2018","YEAR","","COUNTY","IOWA","19","NORTHWEST","10","SIOUX","167","","","00000000","","OATS","OATS - YIELD, MEASURED IN BU / ACRE","TOTAL","NOT SPECIFIED","88",""
"SURVEY","2018","YEAR","","COUNTY","IOWA","19","SOUTH CENTRAL","80","LUCAS","117","","","00000000","","OATS","OATS - YIELD, MEASURED IN BU / ACRE","TOTAL","NOT SPECIFIED","56.5",""
"SURVEY","2018","YEAR","","COUNTY","IOWA","19","SOUTH CENTRAL","80","MARION","125","","","00000000","","OATS","OATS - YIELD, MEASURED IN BU / ACRE","TOTAL","NOT SPECIFIED","66.9",""
"SURVEY","2018","YEAR","","COUNTY","IOWA","19","SOUTH CENTRAL","80","OTHER (COMBINED) COUNTIES","","","","00000000","","OATS","OATS - YIELD, MEASURED IN BU / ACRE","TOTAL","NOT SPECIFIED","56.8",""
"SURVEY","2018","YEAR","","COUNTY","IOWA","19","SOUTH CENTRAL","80","UNION","175","","","00000000","","OATS","OATS - YIELD, MEASURED IN BU / ACRE","TOTAL","NOT SPECIFIED","70.2",""
"SURVEY","2018","YEAR","","COUNTY","IOWA","19","SOUTHEAST","90","DAVIS","051","","","00000000","","OATS","OATS - YIELD, MEASURED IN BU / ACRE","TOTAL","NOT SPECIFIED","60",""
"SURVEY","2018","YEAR","","COUNTY","IOWA","19","SOUTHEAST","90","JEFFERSON","101","","","00000000","","OATS","OATS - YIELD, MEASURED IN BU / ACRE","TOTAL","NOT SPECIFIED","53.6",""
"SURVEY","2018","YEAR","","COUNTY","IOWA","19","SOUTHEAST","90","OTHER (COMBINED) COUNTIES","","","","00000000","","OATS","OATS - YIELD, MEASURED IN BU / ACRE","TOTAL","NOT SPECIFIED","64",""
"SURVEY","2018","YEAR","","COUNTY","IOWA","19","SOUTHEAST","90","VAN BUREN","177","","","00000000","","OATS","OATS - YIELD, MEASURED IN BU / ACRE","TOTAL","NOT SPECIFIED","53.8",""
"SURVEY","2018","YEAR","","COUNTY","IOWA","19","SOUTHEAST","90","WASHINGTON","183","","","00000000","","OATS","OATS - YIELD, MEASURED IN BU / ACRE","TOTAL","NOT SPECIFIED","54.4",""
"SURVEY","2018","YEAR","","COUNTY","IOWA","19","SOUTHWEST","70","ADAMS","003","","","00000000","","OATS","OATS - YIELD, MEASURED IN BU / ACRE","TOTAL","NOT SPECIFIED","64.8",""
"SURVEY","2018","YEAR","","COUNTY","IOWA","19","SOUTHWEST","70","OTHER (COMBINED) COUNTIES","","","","00000000","","OATS","OATS - YIELD, MEASURED IN BU / ACRE","TOTAL","NOT SPECIFIED","56.4",""
"SURVEY","2018","YEAR","","COUNTY","IOWA","19","WEST CENTRAL","40","CARROLL","027","","","00000000","","OATS","OATS - YIELD, MEASURED IN BU / ACRE","TOTAL","NOT SPECIFIED","61.5",""
"SURVEY","2018","YEAR","","COUNTY","IOWA","19","WEST CENTRAL","40","GREENE","073","","","00000000","","OATS","OATS - YIELD, MEASURED IN BU / ACRE","TOTAL","NOT SPECIFIED","34.7",""
"SURVEY","2018","YEAR","","COUNTY","IOWA","19","WEST CENTRAL","40","OTHER (COMBINED) COUNTIES","","","","00000000","","OATS","OATS - YIELD, MEASURED IN BU / ACRE","TOTAL","NOT SPECIFIED","76.6",""
"SURVEY","2018","YEAR","","COUNTY","IOWA","19","WEST CENTRAL","40","SHELBY","165","","","00000000","","OATS","OATS - YIELD, MEASURED IN BU / ACRE","TOTAL","NOT SPECIFIED","76.9",""
"SURVEY","2017","YEAR","","COUNTY","IOWA","19","CENTRAL","50","BOONE","015","","","00000000","","OATS","OATS - YIELD, MEASURED IN BU / ACRE","TOTAL","NOT SPECIFIED","103.8",""
"SURVEY","2017","YEAR","","COUNTY","IOWA","19","CENTRAL","50","JASPER","099","","","00000000","","OATS","OATS - YIELD, MEASURED IN BU / ACRE","TOTAL","NOT SPECIFIED","90",""
"SURVEY","2017","YEAR","","COUNTY","IOWA","19","CENTRAL","50","OTHER (COMBINED) COUNTIES","","","","00000000","","OATS","OATS - YIELD, MEASURED IN BU / ACRE","TOTAL","NOT SPECIFIED","101.2",""
"SURVEY","2017","YEAR","","COUNTY","IOWA","19","CENTRAL","50","POWESHIEK","157","","","00000000","","OATS","OATS - YIELD, MEASURED IN BU / ACRE","TOTAL","NOT SPECIFIED","76.7",""
"SURVEY","2017","YEAR","","COUNTY","IOWA","19","CENTRAL","50","TAMA","171","","","00000000","","OATS","OATS - YIELD, MEASURED IN BU / ACRE","TOTAL","NOT SPECIFIED","104.7",""
"SURVEY","2017","YEAR","","COUNTY","IOWA","19","EAST CENTRAL","60","BENTON","011","","","00000000","","OATS","OATS - YIELD, MEASURED IN BU / ACRE","TOTAL","NOT SPECIFIED","87.5",""
"SURVEY","2017","YEAR","","COUNTY","IOWA","19","EAST CENTRAL","60","CLINTON","045","","","00000000","","OATS","OATS - YIELD, MEASURED IN BU / ACRE","TOTAL","NOT SPECIFIED","63.4",""
"SURVEY","2017","YEAR","","COUNTY","IOWA","19","EAST CENTRAL","60","JOHNSON","103","","","00000000","","OATS","OATS - YIELD, MEASURED IN BU / ACRE","TOTAL","NOT SPECIFIED","73.9",""
"SURVEY","2017","YEAR","","COUNTY","IOWA","19","EAST CENTRAL","60","JONES","105","","","00000000","","OATS","OATS - YIELD, MEASURED IN BU / ACRE","TOTAL","NOT SPECIFIED","66.3",""
"SURVEY","2017","YEAR","","COUNTY","IOWA","19","EAST CENTRAL","60","LINN","113","","","00000000","","OATS","OATS - YIELD, MEASURED IN BU / ACRE","TOTAL","NOT SPECIFIED","78.8",""
"SURVEY","2017","YEAR","","COUNTY","IOWA","19","EAST CENTRAL","60","MUSCATINE","139","","","00000000","","OATS","OATS - YIELD, MEASURED IN BU / ACRE","TOTAL","NOT SPECIFIED","75",""
"SURVEY","2017","YEAR","","COUNTY","IOWA","19","EAST CENTRAL","60","OTHER (COMBINED) COUNTIES","","","","00000000","","OATS","OATS - YIELD, MEASURED IN BU / ACRE","TOTAL","NOT SPECIFIED","74.4",""
"SURVEY","2017","YEAR","","COUNTY","IOWA","19","EAST CENTRAL","60","SCOTT","163","","","00000000","","OATS","OATS - YIELD, MEASURED IN BU / ACRE","TOTAL","NOT SPECIFIED","88.8",""
"SURVEY","2017","YEAR","","COUNTY","IOWA","19","NORTH CENTRAL","20","MITCHELL","131","","","00000000","","OATS","OATS - YIELD, MEASURED IN BU / ACRE","TOTAL","NOT SPECIFIED","72.4",""
"SURVEY","2017","YEAR","","COUNTY","IOWA","19","NORTH CENTRAL","20","OTHER (COMBINED) COUNTIES","","","","00000000","","OATS","OATS - YIELD, MEASURED IN BU / ACRE","TOTAL","NOT SPECIFIED","82.6",""
"SURVEY","2017","YEAR","","COUNTY","IOWA","19","NORTH CENTRAL","20","WORTH","195","","","00000000","","OATS","OATS - YIELD, MEASURED IN BU / ACRE","TOTAL","NOT SPECIFIED","79.8",""
"SURVEY","2017","YEAR","","COUNTY","IOWA","19","NORTHEAST","30","ALLAMAKEE","005","","","00000000","","OATS","OATS - YIELD, MEASURED IN BU / ACRE","TOTAL","NOT SPECIFIED","73.8",""
"SURVEY","2017","YEAR","","COUNTY","IOWA","19","NORTHEAST","30","BUCHANAN","019","","","00000000","","OATS","OATS - YIELD, MEASURED IN BU / ACRE","TOTAL","NOT SPECIFIED","83.9",""
"SURVEY","2017","YEAR","","COUNTY","IOWA","19","NORTHEAST","30","CLAYTON","043","","","00000000","","OATS","OATS - YIELD, MEASURED IN BU / ACRE","TOTAL","NOT SPECIFIED","60.7",""
"SURVEY","2017","YEAR","","COUNTY","IOWA","19","NORTHEAST","30","DUBUQUE","061","","","00000000","","OATS","OATS - YIELD, MEASURED IN BU / ACRE","TOTAL","NOT SPECIFIED","67.6",""
"SURVEY","2017","YEAR","","COUNTY","IOWA","19","NORTHEAST","30","FAYETTE","065","","","00000000","","OATS","OATS - YIELD, MEASURED IN BU / ACRE","TOTAL","NOT SPECIFIED","77.9",""
"SURVEY","2017","YEAR","","COUNTY","IOWA","19","NORTHEAST","30","HOWARD","089","","","00000000","","OATS","OATS - YIELD, MEASURED IN BU / ACRE","TOTAL","NOT SPECIFIED","73.2",""
"SURVEY","2017","YEAR","","COUNTY","IOWA","19","NORTHEAST","30","OTHER (COMBINED) COUNTIES","","","","00000000","","OATS","OATS - YIELD, MEASURED IN BU / ACRE","TOTAL","NOT SPECIFIED","73.7",""
"SURVEY","2017","YEAR","","COUNTY","IOWA","19","NORTHWEST","10","O BRIEN","141","","","00000000","","OATS","OATS - YIELD, MEASURED IN BU / ACRE","TOTAL","NOT SPECIFIED","80.8",""
"SURVEY","2017","YEAR","","COUNTY","IOWA","19","NORTHWEST","10","OTHER (COMBINED) COUNTIES","","","","00000000","","OATS","OATS - YIELD, MEASURED IN BU / ACRE","TOTAL","NOT SPECIFIED","99.6",""
"SURVEY","2017","YEAR","","COUNTY","IOWA","19","NORTHWEST","10","PALO ALTO","147","","","00000000","","OATS","OATS - YIELD, MEASURED IN BU / ACRE","TOTAL","NOT SPECIFIED","98.1",""
"SURVEY","2017","YEAR","","COUNTY","IOWA","19","NORTHWEST","10","PLYMOUTH","149","","","00000000","","OATS","OATS - YIELD, MEASURED IN BU / ACRE","TOTAL","NOT SPECIFIED","109.5",""
"SURVEY","2017","YEAR","","COUNTY","IOWA","19","NORTHWEST","10","SIOUX","167","","","00000000","","OATS","OATS - YIELD, MEASURED IN BU / ACRE","TOTAL","NOT SPECIFIED","91.3",""
"SURVEY","2017","YEAR","","COUNTY","IOWA","19","SOUTHEAST","90","DAVIS","051","","","00000000","","OATS","OATS - YIELD, MEASURED IN BU / ACRE","TOTAL","NOT SPECIFIED","67",""
"SURVEY","2017","YEAR","","COUNTY","IOWA","19","SOUTHEAST","90","HENRY","087","","","00000000","","OATS","OATS - YIELD, MEASURED IN BU / ACRE","TOTAL","NOT SPECIFIED","127",""
"SURVEY","2017","YEAR","","COUNTY","IOWA","19","SOUTHEAST","90","MAHASKA","123","","","00000000","","OATS","OATS - YIELD, MEASURED IN BU / ACRE","TOTAL","NOT SPECIFIED","86.8",""
"SURVEY","2017","YEAR","","COUNTY","IOWA","19","SOUTHEAST","90","OTHER (COMBINED) COUNTIES","","","","00000000","","OATS","OATS - YIELD, MEASURED IN BU / ACRE","TOTAL","NOT SPECIFIED","72.9",""
"SURVEY","2017","YEAR","","COUNTY","IOWA","19","SOUTHEAST","90","VAN BUREN","177","","","00000000","","OATS","OATS - YIELD, MEASURED IN BU / ACRE","TOTAL","NOT SPECIFIED","74.2",""
"SURVEY","2017","YEAR","","COUNTY","IOWA","19","WEST CENTRAL","40","AUDUBON","009","","","00000000","","OATS","OATS - YIELD, MEASURED IN BU / ACRE","TOTAL","NOT SPECIFIED","81",""
"SURVEY","2017","YEAR","","COUNTY","IOWA","19","WEST CENTRAL","40","CRAWFORD","047","","","00000000","","OATS","OATS - YIELD, MEASURED IN BU / ACRE","TOTAL","NOT SPECIFIED","99.1",""
"SURVEY","2017","YEAR","","COUNTY","IOWA","19","WEST CENTRAL","40","OTHER (COMBINED) COUNTIES","","","","00000000","","OATS","OATS - YIELD, MEASURED IN BU / ACRE","TOTAL","NOT SPECIFIED","73.3",""
"SURVEY","2017","YEAR","","COUNTY","IOWA","19","WEST CENTRAL","40","WOODBURY","193","","","00000000","","OATS","OATS - YIELD, MEASURED IN BU / ACRE","TOTAL","NOT SPECIFIED","55.6",""
